2026-08-01 11:45:20 | INFO     | banking_rag.main:main:138 - Logging to file: /Users/rohinivemula/Desktop/SLM_UBI/RAG_1/banking_rag/logs/banking_rag.log
2026-08-01 11:45:20 | INFO     | banking_rag.pipeline.ingest:ingest_file:69 - Starting offline ingestion for file: dataset.jsonl
2026-08-01 11:45:20 | INFO     | banking_rag.loaders.jsonl_loader:load:45 - Loading JSONL dataset: dataset.jsonl
2026-08-01 11:45:20 | INFO     | banking_rag.loaders.jsonl_loader:load:85 - Successfully loaded 475 document entries from JSONL file: dataset.jsonl
2026-08-01 11:45:20 | INFO     | banking_rag.chunking.chunker:chunk_document:94 - Chunked document 8469bcf7-63cb-4a61-8bff-a2ede1cc4b3b into 2 text chunks.
2026-08-01 11:45:20 | INFO     | banking_rag.chunking.contextual_chunker:process:76 - Added contextual headers to 2 chunks for dataset.jsonl
2026-08-01 11:45:20 | INFO     | banking_rag.chunking.chunker:chunk_document:94 - Chunked document 161b0ff5-8f26-49de-baab-79f80cd33a24 into 2 text chunks.
2026-08-01 11:45:20 | INFO     | banking_rag.chunking.contextual_chunker:process:76 - Added contextual headers to 2 chunks for dataset.jsonl
2026-08-01 11:45:20 | INFO     | banking_rag.chunking.chunker:chunk_document:94 - Chunked document f61d2ee1-9a19-46da-9085-e9bf3a6c2ad0 into 2 text chunks.
2026-08-01 11:45:20 | INFO     | banking_rag.chunking.contextual_chunker:process:76 - Added contextual headers to 2 chunks for dataset.jsonl
2026-08-01 11:45:20 | INFO     | banking_rag.chunking.chunker:chunk_document:94 - Chunked document c6fa2f02-6a19-425b-81ab-7def6a65c346 into 2 text chunks.
2026-08-01 11:45:20 | INFO     | banking_rag.chunking.contextual_chunker:process:76 - Added contextual headers to 2 chunks for dataset.jsonl
2026-08-01 11:45:20 | INFO     | banking_rag.chunking.chunker:chunk_document:94 - Chunked document b457c6e5-f05f-429f-a84b-b4f95fdfc928 into 2 text chunks.
2026-08-01 11:45:20 | INFO     | banking_rag.chunking.contextual_chunker:process:76 - Added contextual headers to 2 chunks for dataset.jsonl
2026-08-01 11:45:20 | INFO     | banking_rag.chunking.chunker:chunk_document:94 - Chunked document 0f02b1e3-90e1-430c-b8a4-1f52ce599166 into 2 text chunks.
2026-08-01 11:45:20 | INFO     | banking_rag.chunking.contextual_chunker:process:76 - Added contextual headers to 2 chunks for dataset.jsonl
2026-08-01 11:45:20 | INFO     | banking_rag.chunking.chunker:chunk_document:94 - Chunked document 0864c70d-b092-4041-ba89-63861ac6ae10 into 2 text chunks.
2026-08-01 11:45:20 | INFO     | banking_rag.chunking.contextual_chunker:process:76 - Added contextual headers to 2 chunks for dataset.jsonl
2026-08-01 11:45:20 | INFO     | banking_rag.chunking.chunker:chunk_document:94 - Chunked document 2b8a6a5f-83dd-4b2c-99e3-747cf4dbfddc into 2 text chunks.
2026-08-01 11:45:20 | INFO     | banking_rag.chunking.contextual_chunker:process:76 - Added contextual headers to 2 chunks for dataset.jsonl
2026-08-01 11:45:20 | INFO     | banking_rag.chunking.chunker:chunk_document:94 - Chunked document 78ad4df4-bf31-436a-9a8b-68d3084ab787 into 2 text chunks.
2026-08-01 11:45:20 | INFO     | banking_rag.chunking.contextual_chunker:process:76 - Added contextual headers to 2 chunks for dataset.jsonl
2026-08-01 11:45:20 | INFO     | banking_rag.chunking.chunker:chunk_document:94 - Chunked document 2fad343b-397f-4dec-ba01-751f55cde41e into 2 text chunks.
2026-08-01 11:45:20 | INFO     | banking_rag.chunking.contextual_chunker:process:76 - Added contextual headers to 2 chunks for dataset.jsonl
2026-08-01 11:45:20 | INFO     | banking_rag.chunking.chunker:chunk_document:94 - Chunked document d2aecc12-79ff-4d76-80f0-ceb2efb9385a into 2 text chunks.
2026-08-01 11:45:20 | INFO     | banking_rag.chunking.contextual_chunker:process:76 - Added contextual headers to 2 chunks for dataset.jsonl
2026-08-01 11:45:20 | INFO     | banking_rag.chunking.chunker:chunk_document:94 - Chunked document e8786fb5-f412-4c60-addb-1641dac76134 into 2 text chunks.
2026-08-01 11:45:20 | INFO     | banking_rag.chunking.contextual_chunker:process:76 - Added contextual headers to 2 chunks for dataset.jsonl
2026-08-01 11:45:20 | INFO     | banking_rag.chunking.chunker:chunk_document:94 - Chunked document 297ccf71-fb56-4cb3-b3c0-e156d742903e into 2 text chunks.
2026-08-01 11:45:20 | INFO     | banking_rag.chunking.contextual_chunker:process:76 - Added contextual headers to 2 chunks for dataset.jsonl
2026-08-01 11:45:20 | INFO     | banking_rag.chunking.chunker:chunk_document:94 - Chunked document d8d6a151-da0c-4c30-a3ec-4d22b4a1d0cf into 2 text chunks.
2026-08-01 11:45:20 | INFO     | banking_rag.chunking.contextual_chunker:process:76 - Added contextual headers to 2 chunks for dataset.jsonl
2026-08-01 11:45:20 | INFO     | banking_rag.chunking.chunker:chunk_document:94 - Chunked document 05360e73-eae0-44e8-846d-c0cf84cd767f into 2 text chunks.
2026-08-01 11:45:20 | INFO     | banking_rag.chunking.contextual_chunker:process:76 - Added contextual headers to 2 chunks for dataset.jsonl
2026-08-01 11:45:20 | INFO     | banking_rag.chunking.chunker:chunk_document:94 - Chunked document 3afc5fc3-0081-4d19-8bc1-d1634f1689a8 into 2 text chunks.
2026-08-01 11:45:20 | INFO     | banking_rag.chunking.contextual_chunker:process:76 - Added contextual headers to 2 chunks for dataset.jsonl
2026-08-01 11:45:20 | INFO     | banking_rag.chunking.chunker:chunk_document:94 - Chunked document a155f0a2-f185-417f-90e9-0515e7743233 into 2 text chunks.
2026-08-01 11:45:20 | INFO     | banking_rag.chunking.contextual_chunker:process:76 - Added contextual headers to 2 chunks for dataset.jsonl
2026-08-01 11:45:20 | INFO     | banking_rag.chunking.chunker:chunk_document:94 - Chunked document 22af1844-f366-47de-9461-794ac3e27678 into 2 text chunks.
2026-08-01 11:45:20 | INFO     | banking_rag.chunking.contextual_chunker:process:76 - Added contextual headers to 2 chunks for dataset.jsonl
2026-08-01 11:45:20 | INFO     | banking_rag.chunking.chunker:chunk_document:94 - Chunked document 8b67a0d4-e231-4534-8a08-f335d37bc985 into 2 text chunks.
2026-08-01 11:45:20 | INFO     | banking_rag.chunking.contextual_chunker:process:76 - Added contextual headers to 2 chunks for dataset.jsonl
2026-08-01 11:45:20 | INFO     | banking_rag.chunking.chunker:chunk_document:94 - Chunked document 6b62102f-ecd7-4ad5-a984-2a7fcd1bea31 into 2 text chunks.
2026-08-01 11:45:20 | INFO     | banking_rag.chunking.contextual_chunker:process:76 - Added contextual headers to 2 chunks for dataset.jsonl
2026-08-01 11:45:20 | INFO     | banking_rag.chunking.chunker:chunk_document:94 - Chunked document 85e530b9-f9d9-479b-b699-0660b5727a68 into 2 text chunks.
2026-08-01 11:45:20 | INFO     | banking_rag.chunking.contextual_chunker:process:76 - Added contextual headers to 2 chunks for dataset.jsonl
2026-08-01 11:45:20 | INFO     | banking_rag.chunking.chunker:chunk_document:94 - Chunked document d1e9c7c2-f6c6-4872-9640-6f7de459cda4 into 2 text chunks.
2026-08-01 11:45:20 | INFO     | banking_rag.chunking.contextual_chunker:process:76 - Added contextual headers to 2 chunks for dataset.jsonl
2026-08-01 11:45:20 | INFO     | banking_rag.chunking.chunker:chunk_document:94 - Chunked document 44135f33-e54b-4ce8-bb9e-2048a8182086 into 2 text chunks.
2026-08-01 11:45:20 | INFO     | banking_rag.chunking.contextual_chunker:process:76 - Added contextual headers to 2 chunks for dataset.jsonl
2026-08-01 11:45:20 | INFO     | banking_rag.chunking.chunker:chunk_document:94 - Chunked document a140674c-b0f3-4a37-9945-5213379860de into 2 text chunks.
2026-08-01 11:45:20 | INFO     | banking_rag.chunking.contextual_chunker:process:76 - Added contextual headers to 2 chunks for dataset.jsonl
2026-08-01 11:45:20 | INFO     | banking_rag.chunking.chunker:chunk_document:94 - Chunked document a423f9fc-661b-4d47-8329-dcb186437d3a into 2 text chunks.
2026-08-01 11:45:20 | INFO     | banking_rag.chunking.contextual_chunker:process:76 - Added contextual headers to 2 chunks for dataset.jsonl
2026-08-01 11:45:20 | INFO     | banking_rag.chunking.chunker:chunk_document:94 - Chunked document 02b921f5-e051-4e30-8b63-4d8bbf0629f2 into 2 text chunks.
2026-08-01 11:45:20 | INFO     | banking_rag.chunking.contextual_chunker:process:76 - Added contextual headers to 2 chunks for dataset.jsonl
2026-08-01 11:45:20 | INFO     | banking_rag.chunking.chunker:chunk_document:94 - Chunked document b2fdade5-074d-4e79-a483-2ef35749f4eb into 2 text chunks.
2026-08-01 11:45:20 | INFO     | banking_rag.chunking.contextual_chunker:process:76 - Added contextual headers to 2 chunks for dataset.jsonl
2026-08-01 11:45:20 | INFO     | banking_rag.chunking.chunker:chunk_document:94 - Chunked document dd8c81bc-6db2-4564-85d6-736e04cfff3f into 2 text chunks.
2026-08-01 11:45:20 | INFO     | banking_rag.chunking.contextual_chunker:process:76 - Added contextual headers to 2 chunks for dataset.jsonl
2026-08-01 11:45:20 | INFO     | banking_rag.chunking.chunker:chunk_document:94 - Chunked document 1c1ee900-a551-4147-b5d4-52fe60a466ca into 2 text chunks.
2026-08-01 11:45:20 | INFO     | banking_rag.chunking.contextual_chunker:process:76 - Added contextual headers to 2 chunks for dataset.jsonl
2026-08-01 11:45:20 | INFO     | banking_rag.chunking.chunker:chunk_document:94 - Chunked document 464f7bc0-12ac-4bbf-8ca1-f81cbc1bc1e5 into 2 text chunks.
2026-08-01 11:45:20 | INFO     | banking_rag.chunking.contextual_chunker:process:76 - Added contextual headers to 2 chunks for dataset.jsonl
2026-08-01 11:45:20 | INFO     | banking_rag.chunking.chunker:chunk_document:94 - Chunked document d488e5f9-4f87-4f56-9811-d7c20deefd71 into 2 text chunks.
2026-08-01 11:45:20 | INFO     | banking_rag.chunking.contextual_chunker:process:76 - Added contextual headers to 2 chunks for dataset.jsonl
2026-08-01 11:45:20 | INFO     | banking_rag.chunking.chunker:chunk_document:94 - Chunked document 0d46a834-b43a-4701-a537-599d7094bdac into 2 text chunks.
2026-08-01 11:45:20 | INFO     | banking_rag.chunking.contextual_chunker:process:76 - Added contextual headers to 2 chunks for dataset.jsonl
2026-08-01 11:45:20 | INFO     | banking_rag.chunking.chunker:chunk_document:94 - Chunked document a393afe1-0fd7-46b4-b2ab-0daa18de42fb into 2 text chunks.
2026-08-01 11:45:20 | INFO     | banking_rag.chunking.contextual_chunker:process:76 - Added contextual headers to 2 chunks for dataset.jsonl
2026-08-01 11:45:20 | INFO     | banking_rag.chunking.chunker:chunk_document:94 - Chunked document 8a0e6756-ad08-43db-8c84-b71d7aac8c8a into 2 text chunks.
2026-08-01 11:45:20 | INFO     | banking_rag.chunking.contextual_chunker:process:76 - Added contextual headers to 2 chunks for dataset.jsonl
2026-08-01 11:45:20 | INFO     | banking_rag.chunking.chunker:chunk_document:94 - Chunked document 112ad912-e0fa-4e25-ad3d-fde8e102ab0f into 2 text chunks.
2026-08-01 11:45:20 | INFO     | banking_rag.chunking.contextual_chunker:process:76 - Added contextual headers to 2 chunks for dataset.jsonl
2026-08-01 11:45:20 | INFO     | banking_rag.chunking.chunker:chunk_document:94 - Chunked document f6a3cd91-dcc3-480c-9539-80b1127044f9 into 2 text chunks.
2026-08-01 11:45:20 | INFO     | banking_rag.chunking.contextual_chunker:process:76 - Added contextual headers to 2 chunks for dataset.jsonl
2026-08-01 11:45:20 | INFO     | banking_rag.chunking.chunker:chunk_document:94 - Chunked document d6d4c94b-b781-40e6-831a-7106de1a19f4 into 2 text chunks.
2026-08-01 11:45:20 | INFO     | banking_rag.chunking.contextual_chunker:process:76 - Added contextual headers to 2 chunks for dataset.jsonl
2026-08-01 11:45:20 | INFO     | banking_rag.chunking.chunker:chunk_document:94 - Chunked document dfea1f97-f7b4-4238-b1ff-f15db488df4a into 2 text chunks.
2026-08-01 11:45:20 | INFO     | banking_rag.chunking.contextual_chunker:process:76 - Added contextual headers to 2 chunks for dataset.jsonl
2026-08-01 11:45:20 | INFO     | banking_rag.chunking.chunker:chunk_document:94 - Chunked document 775be4dc-65a9-4931-8b3e-5033172b742c into 2 text chunks.
2026-08-01 11:45:20 | INFO     | banking_rag.chunking.contextual_chunker:process:76 - Added contextual headers to 2 chunks for dataset.jsonl
2026-08-01 11:45:20 | INFO     | banking_rag.chunking.chunker:chunk_document:94 - Chunked document 4bd4f36e-eff5-4265-9a1e-10ad044ccc23 into 2 text chunks.
2026-08-01 11:45:20 | INFO     | banking_rag.chunking.contextual_chunker:process:76 - Added contextual headers to 2 chunks for dataset.jsonl
2026-08-01 11:45:20 | INFO     | banking_rag.chunking.chunker:chunk_document:94 - Chunked document 12b048f0-0ae1-4232-916f-03c4968a7255 into 2 text chunks.
2026-08-01 11:45:20 | INFO     | banking_rag.chunking.contextual_chunker:process:76 - Added contextual headers to 2 chunks for dataset.jsonl
2026-08-01 11:45:20 | INFO     | banking_rag.chunking.chunker:chunk_document:94 - Chunked document 89899d38-077f-430e-b79c-cc495cc59855 into 2 text chunks.
2026-08-01 11:45:20 | INFO     | banking_rag.chunking.contextual_chunker:process:76 - Added contextual headers to 2 chunks for dataset.jsonl
2026-08-01 11:45:20 | INFO     | banking_rag.chunking.chunker:chunk_document:94 - Chunked document f9550c56-070c-4cb3-955f-c1a428b65a5c into 2 text chunks.
2026-08-01 11:45:20 | INFO     | banking_rag.chunking.contextual_chunker:process:76 - Added contextual headers to 2 chunks for dataset.jsonl
2026-08-01 11:45:20 | INFO     | banking_rag.chunking.chunker:chunk_document:94 - Chunked document 3a58227a-a48d-42c1-a864-11bb52f3c2bd into 2 text chunks.
2026-08-01 11:45:20 | INFO     | banking_rag.chunking.contextual_chunker:process:76 - Added contextual headers to 2 chunks for dataset.jsonl
2026-08-01 11:45:20 | INFO     | banking_rag.chunking.chunker:chunk_document:94 - Chunked document f13b0995-8c80-40a9-a045-11a57d5c3623 into 2 text chunks.
2026-08-01 11:45:20 | INFO     | banking_rag.chunking.contextual_chunker:process:76 - Added contextual headers to 2 chunks for dataset.jsonl
2026-08-01 11:45:20 | INFO     | banking_rag.chunking.chunker:chunk_document:94 - Chunked document d3de0d88-5727-4bee-88bc-d765e2caf605 into 2 text chunks.
2026-08-01 11:45:20 | INFO     | banking_rag.chunking.contextual_chunker:process:76 - Added contextual headers to 2 chunks for dataset.jsonl
2026-08-01 11:45:20 | INFO     | banking_rag.chunking.chunker:chunk_document:94 - Chunked document 42e2244e-b379-42e6-b772-0f00a311498b into 2 text chunks.
2026-08-01 11:45:20 | INFO     | banking_rag.chunking.contextual_chunker:process:76 - Added contextual headers to 2 chunks for dataset.jsonl
2026-08-01 11:45:20 | INFO     | banking_rag.chunking.chunker:chunk_document:94 - Chunked document 005f1259-1fc5-4b0c-8738-7f778d89df4d into 2 text chunks.
2026-08-01 11:45:20 | INFO     | banking_rag.chunking.contextual_chunker:process:76 - Added contextual headers to 2 chunks for dataset.jsonl
2026-08-01 11:45:20 | INFO     | banking_rag.chunking.chunker:chunk_document:94 - Chunked document db9b5cdf-d25d-4c0e-973e-7d5290e7c98b into 2 text chunks.
2026-08-01 11:45:20 | INFO     | banking_rag.chunking.contextual_chunker:process:76 - Added contextual headers to 2 chunks for dataset.jsonl
2026-08-01 11:45:20 | INFO     | banking_rag.chunking.chunker:chunk_document:94 - Chunked document d3b52694-b310-49a9-ba63-d8d5c5041cf2 into 2 text chunks.
2026-08-01 11:45:20 | INFO     | banking_rag.chunking.contextual_chunker:process:76 - Added contextual headers to 2 chunks for dataset.jsonl
2026-08-01 11:45:20 | INFO     | banking_rag.chunking.chunker:chunk_document:94 - Chunked document 993c902e-f59f-4087-b110-c97952b17452 into 2 text chunks.
2026-08-01 11:45:20 | INFO     | banking_rag.chunking.contextual_chunker:process:76 - Added contextual headers to 2 chunks for dataset.jsonl
2026-08-01 11:45:20 | INFO     | banking_rag.chunking.chunker:chunk_document:94 - Chunked document b8a187a5-c67a-4a07-8d3e-6482d1e6f9b2 into 2 text chunks.
2026-08-01 11:45:20 | INFO     | banking_rag.chunking.contextual_chunker:process:76 - Added contextual headers to 2 chunks for dataset.jsonl
2026-08-01 11:45:20 | INFO     | banking_rag.chunking.chunker:chunk_document:94 - Chunked document 318df5e9-af05-485b-8daf-954c15408350 into 2 text chunks.
2026-08-01 11:45:20 | INFO     | banking_rag.chunking.contextual_chunker:process:76 - Added contextual headers to 2 chunks for dataset.jsonl
2026-08-01 11:45:20 | INFO     | banking_rag.chunking.chunker:chunk_document:94 - Chunked document 712fffac-1bfd-4a0f-8f0e-d466d928b43a into 2 text chunks.
2026-08-01 11:45:20 | INFO     | banking_rag.chunking.contextual_chunker:process:76 - Added contextual headers to 2 chunks for dataset.jsonl
2026-08-01 11:45:20 | INFO     | banking_rag.chunking.chunker:chunk_document:94 - Chunked document 33bb2fd9-6fa8-4741-bf2c-995620b5a1a0 into 2 text chunks.
2026-08-01 11:45:20 | INFO     | banking_rag.chunking.contextual_chunker:process:76 - Added contextual headers to 2 chunks for dataset.jsonl
2026-08-01 11:45:20 | INFO     | banking_rag.chunking.chunker:chunk_document:94 - Chunked document 9bdc9210-7fc6-4c6b-aeea-ae55c8f7f3c0 into 2 text chunks.
2026-08-01 11:45:20 | INFO     | banking_rag.chunking.contextual_chunker:process:76 - Added contextual headers to 2 chunks for dataset.jsonl
2026-08-01 11:45:20 | INFO     | banking_rag.chunking.chunker:chunk_document:94 - Chunked document 488a38e6-1d80-4db1-ac72-daac6acf5b93 into 2 text chunks.
2026-08-01 11:45:20 | INFO     | banking_rag.chunking.contextual_chunker:process:76 - Added contextual headers to 2 chunks for dataset.jsonl
2026-08-01 11:45:20 | INFO     | banking_rag.chunking.chunker:chunk_document:94 - Chunked document b85a091a-c788-4055-9040-860338e9becd into 2 text chunks.
2026-08-01 11:45:20 | INFO     | banking_rag.chunking.contextual_chunker:process:76 - Added contextual headers to 2 chunks for dataset.jsonl
2026-08-01 11:45:20 | INFO     | banking_rag.chunking.chunker:chunk_document:94 - Chunked document 4ace5d61-876e-405c-aeae-97d0f0977f23 into 2 text chunks.
2026-08-01 11:45:20 | INFO     | banking_rag.chunking.contextual_chunker:process:76 - Added contextual headers to 2 chunks for dataset.jsonl
2026-08-01 11:45:20 | INFO     | banking_rag.chunking.chunker:chunk_document:94 - Chunked document e6b12635-daab-4e86-bc95-845252ce543d into 2 text chunks.
2026-08-01 11:45:20 | INFO     | banking_rag.chunking.contextual_chunker:process:76 - Added contextual headers to 2 chunks for dataset.jsonl
2026-08-01 11:45:20 | INFO     | banking_rag.chunking.chunker:chunk_document:94 - Chunked document 2c226caa-ec96-4768-b3f3-f49ec52ff91a into 2 text chunks.
2026-08-01 11:45:20 | INFO     | banking_rag.chunking.contextual_chunker:process:76 - Added contextual headers to 2 chunks for dataset.jsonl
2026-08-01 11:45:20 | INFO     | banking_rag.chunking.chunker:chunk_document:94 - Chunked document 6bc46830-2b8a-48c8-b878-20b7e1e731e4 into 2 text chunks.
2026-08-01 11:45:20 | INFO     | banking_rag.chunking.contextual_chunker:process:76 - Added contextual headers to 2 chunks for dataset.jsonl
2026-08-01 11:45:20 | INFO     | banking_rag.chunking.chunker:chunk_document:94 - Chunked document db451d95-92a7-4787-a6d6-3d408df427ef into 2 text chunks.
2026-08-01 11:45:20 | INFO     | banking_rag.chunking.contextual_chunker:process:76 - Added contextual headers to 2 chunks for dataset.jsonl
2026-08-01 11:45:20 | INFO     | banking_rag.chunking.chunker:chunk_document:94 - Chunked document b69f5f20-36a3-436e-bdae-cae52a235573 into 2 text chunks.
2026-08-01 11:45:20 | INFO     | banking_rag.chunking.contextual_chunker:process:76 - Added contextual headers to 2 chunks for dataset.jsonl
2026-08-01 11:45:20 | INFO     | banking_rag.chunking.chunker:chunk_document:94 - Chunked document 7bb5cfb9-9cd2-47c3-bc8a-d1f91a5e8216 into 2 text chunks.
2026-08-01 11:45:20 | INFO     | banking_rag.chunking.contextual_chunker:process:76 - Added contextual headers to 2 chunks for dataset.jsonl
2026-08-01 11:45:20 | INFO     | banking_rag.chunking.chunker:chunk_document:94 - Chunked document 0eea7335-4a6e-46a0-8864-c10db9c857f4 into 2 text chunks.
2026-08-01 11:45:20 | INFO     | banking_rag.chunking.contextual_chunker:process:76 - Added contextual headers to 2 chunks for dataset.jsonl
2026-08-01 11:45:20 | INFO     | banking_rag.chunking.chunker:chunk_document:94 - Chunked document 7c9bdbbe-79e3-4622-84f1-ddc4c3cdb514 into 2 text chunks.
2026-08-01 11:45:20 | INFO     | banking_rag.chunking.contextual_chunker:process:76 - Added contextual headers to 2 chunks for dataset.jsonl
2026-08-01 11:45:20 | INFO     | banking_rag.chunking.chunker:chunk_document:94 - Chunked document 2e3a8294-daf8-4f62-b047-137e4d0d1c54 into 2 text chunks.
2026-08-01 11:45:20 | INFO     | banking_rag.chunking.contextual_chunker:process:76 - Added contextual headers to 2 chunks for dataset.jsonl
2026-08-01 11:45:20 | INFO     | banking_rag.chunking.chunker:chunk_document:94 - Chunked document 0ff88f30-c1b3-45e4-bfce-7e11f1ea9996 into 2 text chunks.
2026-08-01 11:45:20 | INFO     | banking_rag.chunking.contextual_chunker:process:76 - Added contextual headers to 2 chunks for dataset.jsonl
2026-08-01 11:45:20 | INFO     | banking_rag.chunking.chunker:chunk_document:94 - Chunked document 009e7be7-07f9-4cfa-8e3b-c3c8e2ab13da into 2 text chunks.
2026-08-01 11:45:20 | INFO     | banking_rag.chunking.contextual_chunker:process:76 - Added contextual headers to 2 chunks for dataset.jsonl
2026-08-01 11:45:20 | INFO     | banking_rag.chunking.chunker:chunk_document:94 - Chunked document 4db9cfaa-4d77-4745-8446-ec23662a878e into 2 text chunks.
2026-08-01 11:45:20 | INFO     | banking_rag.chunking.contextual_chunker:process:76 - Added contextual headers to 2 chunks for dataset.jsonl
2026-08-01 11:45:20 | INFO     | banking_rag.chunking.chunker:chunk_document:94 - Chunked document b62d3a1c-c5b2-4a7e-b4f2-850e86048aa5 into 2 text chunks.
2026-08-01 11:45:20 | INFO     | banking_rag.chunking.contextual_chunker:process:76 - Added contextual headers to 2 chunks for dataset.jsonl
2026-08-01 11:45:20 | INFO     | banking_rag.chunking.chunker:chunk_document:94 - Chunked document 953cc970-bb0c-45a3-ab47-df6a55118889 into 2 text chunks.
2026-08-01 11:45:20 | INFO     | banking_rag.chunking.contextual_chunker:process:76 - Added contextual headers to 2 chunks for dataset.jsonl
2026-08-01 11:45:20 | INFO     | banking_rag.chunking.chunker:chunk_document:94 - Chunked document 56b98a6d-9688-4e75-b5ff-8cca4e685d67 into 2 text chunks.
2026-08-01 11:45:20 | INFO     | banking_rag.chunking.contextual_chunker:process:76 - Added contextual headers to 2 chunks for dataset.jsonl
2026-08-01 11:45:20 | INFO     | banking_rag.chunking.chunker:chunk_document:94 - Chunked document 7cd8bb62-ad32-4761-8708-ef51bd740b0b into 2 text chunks.
2026-08-01 11:45:20 | INFO     | banking_rag.chunking.contextual_chunker:process:76 - Added contextual headers to 2 chunks for dataset.jsonl
2026-08-01 11:45:20 | INFO     | banking_rag.chunking.chunker:chunk_document:94 - Chunked document a1be2848-afc2-4b9c-9a9c-4cdaf25d359e into 2 text chunks.
2026-08-01 11:45:20 | INFO     | banking_rag.chunking.contextual_chunker:process:76 - Added contextual headers to 2 chunks for dataset.jsonl
2026-08-01 11:45:20 | INFO     | banking_rag.chunking.chunker:chunk_document:94 - Chunked document 76a5206b-9879-4f45-a7e4-6c8940e0f679 into 2 text chunks.
2026-08-01 11:45:20 | INFO     | banking_rag.chunking.contextual_chunker:process:76 - Added contextual headers to 2 chunks for dataset.jsonl
2026-08-01 11:45:20 | INFO     | banking_rag.chunking.chunker:chunk_document:94 - Chunked document f4db7182-dbb0-4c69-a48b-ae47da8eda59 into 2 text chunks.
2026-08-01 11:45:20 | INFO     | banking_rag.chunking.contextual_chunker:process:76 - Added contextual headers to 2 chunks for dataset.jsonl
2026-08-01 11:45:20 | INFO     | banking_rag.chunking.chunker:chunk_document:94 - Chunked document f7d6d1e4-d4fc-4b43-8149-500384218c46 into 2 text chunks.
2026-08-01 11:45:20 | INFO     | banking_rag.chunking.contextual_chunker:process:76 - Added contextual headers to 2 chunks for dataset.jsonl
2026-08-01 11:45:20 | INFO     | banking_rag.chunking.chunker:chunk_document:94 - Chunked document 1df2ddd0-d9c0-4a87-802e-609590317d7f into 2 text chunks.
2026-08-01 11:45:20 | INFO     | banking_rag.chunking.contextual_chunker:process:76 - Added contextual headers to 2 chunks for dataset.jsonl
2026-08-01 11:45:20 | INFO     | banking_rag.chunking.chunker:chunk_document:94 - Chunked document 1a9fa73e-a9c5-4298-b4bd-d258326c8dcb into 2 text chunks.
2026-08-01 11:45:20 | INFO     | banking_rag.chunking.contextual_chunker:process:76 - Added contextual headers to 2 chunks for dataset.jsonl
2026-08-01 11:45:20 | INFO     | banking_rag.chunking.chunker:chunk_document:94 - Chunked document f0fb3685-d079-4472-9649-253a07d67fd8 into 2 text chunks.
2026-08-01 11:45:20 | INFO     | banking_rag.chunking.contextual_chunker:process:76 - Added contextual headers to 2 chunks for dataset.jsonl
2026-08-01 11:45:20 | INFO     | banking_rag.chunking.chunker:chunk_document:94 - Chunked document b82a21d9-8a04-454f-9d96-05aa9651f8cd into 2 text chunks.
2026-08-01 11:45:20 | INFO     | banking_rag.chunking.contextual_chunker:process:76 - Added contextual headers to 2 chunks for dataset.jsonl
2026-08-01 11:45:20 | INFO     | banking_rag.chunking.chunker:chunk_document:94 - Chunked document fba3c977-855c-4406-bf1a-f61b560c1b66 into 2 text chunks.
2026-08-01 11:45:20 | INFO     | banking_rag.chunking.contextual_chunker:process:76 - Added contextual headers to 2 chunks for dataset.jsonl
2026-08-01 11:45:20 | INFO     | banking_rag.chunking.chunker:chunk_document:94 - Chunked document d5691cc1-b07d-44b7-a27c-0324f5e49432 into 2 text chunks.
2026-08-01 11:45:20 | INFO     | banking_rag.chunking.contextual_chunker:process:76 - Added contextual headers to 2 chunks for dataset.jsonl
2026-08-01 11:45:20 | INFO     | banking_rag.chunking.chunker:chunk_document:94 - Chunked document dab4c274-b0c2-4d64-b491-9623538902fa into 2 text chunks.
2026-08-01 11:45:20 | INFO     | banking_rag.chunking.contextual_chunker:process:76 - Added contextual headers to 2 chunks for dataset.jsonl
2026-08-01 11:45:20 | INFO     | banking_rag.chunking.chunker:chunk_document:94 - Chunked document 1db5a7c7-60af-4dc2-955e-08eb97c6010f into 2 text chunks.
2026-08-01 11:45:20 | INFO     | banking_rag.chunking.contextual_chunker:process:76 - Added contextual headers to 2 chunks for dataset.jsonl
2026-08-01 11:45:20 | INFO     | banking_rag.chunking.chunker:chunk_document:94 - Chunked document 01be7e94-8a0f-4be0-b099-185292f35522 into 2 text chunks.
2026-08-01 11:45:20 | INFO     | banking_rag.chunking.contextual_chunker:process:76 - Added contextual headers to 2 chunks for dataset.jsonl
2026-08-01 11:45:20 | INFO     | banking_rag.chunking.chunker:chunk_document:94 - Chunked document 323d3cb8-895b-4afb-a41f-d090a3b97278 into 2 text chunks.
2026-08-01 11:45:20 | INFO     | banking_rag.chunking.contextual_chunker:process:76 - Added contextual headers to 2 chunks for dataset.jsonl
2026-08-01 11:45:20 | INFO     | banking_rag.chunking.chunker:chunk_document:94 - Chunked document e088766d-9cac-41ee-b761-e597c8691244 into 2 text chunks.
2026-08-01 11:45:20 | INFO     | banking_rag.chunking.contextual_chunker:process:76 - Added contextual headers to 2 chunks for dataset.jsonl
2026-08-01 11:45:20 | INFO     | banking_rag.chunking.chunker:chunk_document:94 - Chunked document e986f560-97af-4397-8325-819ae59c8695 into 2 text chunks.
2026-08-01 11:45:20 | INFO     | banking_rag.chunking.contextual_chunker:process:76 - Added contextual headers to 2 chunks for dataset.jsonl
2026-08-01 11:45:20 | INFO     | banking_rag.chunking.chunker:chunk_document:94 - Chunked document 79fef81c-7e89-43eb-8009-11aa6c87dd1a into 2 text chunks.
2026-08-01 11:45:20 | INFO     | banking_rag.chunking.contextual_chunker:process:76 - Added contextual headers to 2 chunks for dataset.jsonl
2026-08-01 11:45:20 | INFO     | banking_rag.chunking.chunker:chunk_document:94 - Chunked document 501e764d-f360-40bf-9c3d-94d2fb0b255c into 2 text chunks.
2026-08-01 11:45:20 | INFO     | banking_rag.chunking.contextual_chunker:process:76 - Added contextual headers to 2 chunks for dataset.jsonl
2026-08-01 11:45:20 | INFO     | banking_rag.chunking.chunker:chunk_document:94 - Chunked document 2e32f3f4-49ea-4174-b929-42fd0fb2cd34 into 2 text chunks.
2026-08-01 11:45:20 | INFO     | banking_rag.chunking.contextual_chunker:process:76 - Added contextual headers to 2 chunks for dataset.jsonl
2026-08-01 11:45:20 | INFO     | banking_rag.chunking.chunker:chunk_document:94 - Chunked document a08fae37-40ea-4f14-bdc1-6ad8f82d40c5 into 2 text chunks.
2026-08-01 11:45:20 | INFO     | banking_rag.chunking.contextual_chunker:process:76 - Added contextual headers to 2 chunks for dataset.jsonl
2026-08-01 11:45:20 | INFO     | banking_rag.chunking.chunker:chunk_document:94 - Chunked document c05a2524-7f92-4aac-8936-6c81346ea71e into 2 text chunks.
2026-08-01 11:45:20 | INFO     | banking_rag.chunking.contextual_chunker:process:76 - Added contextual headers to 2 chunks for dataset.jsonl
2026-08-01 11:45:20 | INFO     | banking_rag.chunking.chunker:chunk_document:94 - Chunked document 883ad578-64d4-4e14-bb54-1dec165a7692 into 2 text chunks.
2026-08-01 11:45:20 | INFO     | banking_rag.chunking.contextual_chunker:process:76 - Added contextual headers to 2 chunks for dataset.jsonl
2026-08-01 11:45:20 | INFO     | banking_rag.chunking.chunker:chunk_document:94 - Chunked document dd1d2d7d-114f-41c0-b0a9-6d3f5a25e839 into 2 text chunks.
2026-08-01 11:45:20 | INFO     | banking_rag.chunking.contextual_chunker:process:76 - Added contextual headers to 2 chunks for dataset.jsonl
2026-08-01 11:45:20 | INFO     | banking_rag.chunking.chunker:chunk_document:94 - Chunked document 07ce3b8b-5692-4596-84e3-0fd2038e62bc into 2 text chunks.
2026-08-01 11:45:20 | INFO     | banking_rag.chunking.contextual_chunker:process:76 - Added contextual headers to 2 chunks for dataset.jsonl
2026-08-01 11:45:20 | INFO     | banking_rag.chunking.chunker:chunk_document:94 - Chunked document f782b4bf-3e5d-4f54-95cf-3d25cd98c913 into 2 text chunks.
2026-08-01 11:45:20 | INFO     | banking_rag.chunking.contextual_chunker:process:76 - Added contextual headers to 2 chunks for dataset.jsonl
2026-08-01 11:45:20 | INFO     | banking_rag.chunking.chunker:chunk_document:94 - Chunked document 3476eb01-9a48-489a-8dcd-fd776e527170 into 2 text chunks.
2026-08-01 11:45:20 | INFO     | banking_rag.chunking.contextual_chunker:process:76 - Added contextual headers to 2 chunks for dataset.jsonl
2026-08-01 11:45:20 | INFO     | banking_rag.chunking.chunker:chunk_document:94 - Chunked document 2d745ca6-db45-42a8-be25-9cd001292621 into 2 text chunks.
2026-08-01 11:45:20 | INFO     | banking_rag.chunking.contextual_chunker:process:76 - Added contextual headers to 2 chunks for dataset.jsonl
2026-08-01 11:45:20 | INFO     | banking_rag.chunking.chunker:chunk_document:94 - Chunked document 3d011171-2b04-4910-974e-8ef8701c646d into 2 text chunks.
2026-08-01 11:45:20 | INFO     | banking_rag.chunking.contextual_chunker:process:76 - Added contextual headers to 2 chunks for dataset.jsonl
2026-08-01 11:45:20 | INFO     | banking_rag.chunking.chunker:chunk_document:94 - Chunked document a38369aa-494a-4771-b8ca-310e6c2440f0 into 2 text chunks.
2026-08-01 11:45:20 | INFO     | banking_rag.chunking.contextual_chunker:process:76 - Added contextual headers to 2 chunks for dataset.jsonl
2026-08-01 11:45:20 | INFO     | banking_rag.chunking.chunker:chunk_document:94 - Chunked document 36ba4cf6-9f8f-4b1a-ab97-00614868975d into 2 text chunks.
2026-08-01 11:45:20 | INFO     | banking_rag.chunking.contextual_chunker:process:76 - Added contextual headers to 2 chunks for dataset.jsonl
2026-08-01 11:45:20 | INFO     | banking_rag.chunking.chunker:chunk_document:94 - Chunked document 64be2b78-12bc-42cf-b8ac-f83f4013ae35 into 2 text chunks.
2026-08-01 11:45:20 | INFO     | banking_rag.chunking.contextual_chunker:process:76 - Added contextual headers to 2 chunks for dataset.jsonl
2026-08-01 11:45:20 | INFO     | banking_rag.chunking.chunker:chunk_document:94 - Chunked document 90363fe1-6b50-4ec3-bf2a-28853933873d into 2 text chunks.
2026-08-01 11:45:20 | INFO     | banking_rag.chunking.contextual_chunker:process:76 - Added contextual headers to 2 chunks for dataset.jsonl
2026-08-01 11:45:20 | INFO     | banking_rag.chunking.chunker:chunk_document:94 - Chunked document 28f829fb-30af-4884-b0c3-57387af19743 into 2 text chunks.
2026-08-01 11:45:20 | INFO     | banking_rag.chunking.contextual_chunker:process:76 - Added contextual headers to 2 chunks for dataset.jsonl
2026-08-01 11:45:20 | INFO     | banking_rag.chunking.chunker:chunk_document:94 - Chunked document e84c6ad2-ed91-44d8-b84f-ecb1dacbde69 into 2 text chunks.
2026-08-01 11:45:20 | INFO     | banking_rag.chunking.contextual_chunker:process:76 - Added contextual headers to 2 chunks for dataset.jsonl
2026-08-01 11:45:20 | INFO     | banking_rag.chunking.chunker:chunk_document:94 - Chunked document 91fd00c8-4aa1-4011-8e6b-845c7adb6e6d into 2 text chunks.
2026-08-01 11:45:20 | INFO     | banking_rag.chunking.contextual_chunker:process:76 - Added contextual headers to 2 chunks for dataset.jsonl
2026-08-01 11:45:20 | INFO     | banking_rag.chunking.chunker:chunk_document:94 - Chunked document b5f25520-124d-42e6-a2aa-b06e80acaee7 into 2 text chunks.
2026-08-01 11:45:20 | INFO     | banking_rag.chunking.contextual_chunker:process:76 - Added contextual headers to 2 chunks for dataset.jsonl
2026-08-01 11:45:20 | INFO     | banking_rag.chunking.chunker:chunk_document:94 - Chunked document 495f2728-7625-4c90-bd64-ad4e8ec14e9f into 2 text chunks.
2026-08-01 11:45:20 | INFO     | banking_rag.chunking.contextual_chunker:process:76 - Added contextual headers to 2 chunks for dataset.jsonl
2026-08-01 11:45:20 | INFO     | banking_rag.chunking.chunker:chunk_document:94 - Chunked document 05a884a8-f728-48c1-9302-7f5c0aebc33d into 2 text chunks.
2026-08-01 11:45:20 | INFO     | banking_rag.chunking.contextual_chunker:process:76 - Added contextual headers to 2 chunks for dataset.jsonl
2026-08-01 11:45:20 | INFO     | banking_rag.chunking.chunker:chunk_document:94 - Chunked document eb2768db-184e-4957-9403-2ad8a936e479 into 2 text chunks.
2026-08-01 11:45:20 | INFO     | banking_rag.chunking.contextual_chunker:process:76 - Added contextual headers to 2 chunks for dataset.jsonl
2026-08-01 11:45:20 | INFO     | banking_rag.chunking.chunker:chunk_document:94 - Chunked document 45c64368-3dcf-4260-9768-5f5e4287aee9 into 2 text chunks.
2026-08-01 11:45:20 | INFO     | banking_rag.chunking.contextual_chunker:process:76 - Added contextual headers to 2 chunks for dataset.jsonl
2026-08-01 11:45:20 | INFO     | banking_rag.chunking.chunker:chunk_document:94 - Chunked document a6e55297-db8d-47ee-8bc5-d52ea528cc8a into 2 text chunks.
2026-08-01 11:45:20 | INFO     | banking_rag.chunking.contextual_chunker:process:76 - Added contextual headers to 2 chunks for dataset.jsonl
2026-08-01 11:45:20 | INFO     | banking_rag.chunking.chunker:chunk_document:94 - Chunked document fa7da0df-b1ae-4244-ae79-5aa043d294f0 into 2 text chunks.
2026-08-01 11:45:20 | INFO     | banking_rag.chunking.contextual_chunker:process:76 - Added contextual headers to 2 chunks for dataset.jsonl
2026-08-01 11:45:20 | INFO     | banking_rag.chunking.chunker:chunk_document:94 - Chunked document 245b223d-c507-4adb-ae4d-cb8e75ef8def into 2 text chunks.
2026-08-01 11:45:20 | INFO     | banking_rag.chunking.contextual_chunker:process:76 - Added contextual headers to 2 chunks for dataset.jsonl
2026-08-01 11:45:20 | INFO     | banking_rag.chunking.chunker:chunk_document:94 - Chunked document e4797725-66b6-4814-bcfe-57a986f04757 into 2 text chunks.
2026-08-01 11:45:20 | INFO     | banking_rag.chunking.contextual_chunker:process:76 - Added contextual headers to 2 chunks for dataset.jsonl
2026-08-01 11:45:20 | INFO     | banking_rag.chunking.chunker:chunk_document:94 - Chunked document ffd9b2b0-3f02-4e43-90af-5a1e91759d36 into 2 text chunks.
2026-08-01 11:45:20 | INFO     | banking_rag.chunking.contextual_chunker:process:76 - Added contextual headers to 2 chunks for dataset.jsonl
2026-08-01 11:45:20 | INFO     | banking_rag.chunking.chunker:chunk_document:94 - Chunked document 917442be-2f26-46ee-a055-fabc5d86ab2a into 2 text chunks.
2026-08-01 11:45:20 | INFO     | banking_rag.chunking.contextual_chunker:process:76 - Added contextual headers to 2 chunks for dataset.jsonl
2026-08-01 11:45:20 | INFO     | banking_rag.chunking.chunker:chunk_document:94 - Chunked document 557be982-030d-4054-8234-eab9fb80947f into 2 text chunks.
2026-08-01 11:45:20 | INFO     | banking_rag.chunking.contextual_chunker:process:76 - Added contextual headers to 2 chunks for dataset.jsonl
2026-08-01 11:45:20 | INFO     | banking_rag.chunking.chunker:chunk_document:94 - Chunked document ed7d05d1-6683-44a1-8532-82be3fbc6e4f into 2 text chunks.
2026-08-01 11:45:20 | INFO     | banking_rag.chunking.contextual_chunker:process:76 - Added contextual headers to 2 chunks for dataset.jsonl
2026-08-01 11:45:20 | INFO     | banking_rag.chunking.chunker:chunk_document:94 - Chunked document 4b83bfc1-2557-4832-be43-ba95169254dd into 2 text chunks.
2026-08-01 11:45:20 | INFO     | banking_rag.chunking.contextual_chunker:process:76 - Added contextual headers to 2 chunks for dataset.jsonl
2026-08-01 11:45:20 | INFO     | banking_rag.chunking.chunker:chunk_document:94 - Chunked document 2a354205-dd51-459e-8b46-3896edad12ca into 2 text chunks.
2026-08-01 11:45:20 | INFO     | banking_rag.chunking.contextual_chunker:process:76 - Added contextual headers to 2 chunks for dataset.jsonl
2026-08-01 11:45:20 | INFO     | banking_rag.chunking.chunker:chunk_document:94 - Chunked document c385aa8c-29cb-4180-b252-a418175a38f5 into 2 text chunks.
2026-08-01 11:45:20 | INFO     | banking_rag.chunking.contextual_chunker:process:76 - Added contextual headers to 2 chunks for dataset.jsonl
2026-08-01 11:45:20 | INFO     | banking_rag.chunking.chunker:chunk_document:94 - Chunked document 1ffc5e40-ff86-4aa2-bd13-135500b8950f into 2 text chunks.
2026-08-01 11:45:20 | INFO     | banking_rag.chunking.contextual_chunker:process:76 - Added contextual headers to 2 chunks for dataset.jsonl
2026-08-01 11:45:20 | INFO     | banking_rag.chunking.chunker:chunk_document:94 - Chunked document 19087681-27f1-4761-85f6-cb77907d4800 into 2 text chunks.
2026-08-01 11:45:20 | INFO     | banking_rag.chunking.contextual_chunker:process:76 - Added contextual headers to 2 chunks for dataset.jsonl
2026-08-01 11:45:20 | INFO     | banking_rag.chunking.chunker:chunk_document:94 - Chunked document 905b66d3-5956-46db-8c30-414140b5ba6b into 2 text chunks.
2026-08-01 11:45:20 | INFO     | banking_rag.chunking.contextual_chunker:process:76 - Added contextual headers to 2 chunks for dataset.jsonl
2026-08-01 11:45:20 | INFO     | banking_rag.chunking.chunker:chunk_document:94 - Chunked document b3292924-783f-4231-bfeb-fdc439883a3f into 2 text chunks.
2026-08-01 11:45:20 | INFO     | banking_rag.chunking.contextual_chunker:process:76 - Added contextual headers to 2 chunks for dataset.jsonl
2026-08-01 11:45:20 | INFO     | banking_rag.chunking.chunker:chunk_document:94 - Chunked document ed87dc54-3912-427d-a50c-b14cba44492f into 2 text chunks.
2026-08-01 11:45:20 | INFO     | banking_rag.chunking.contextual_chunker:process:76 - Added contextual headers to 2 chunks for dataset.jsonl
2026-08-01 11:45:20 | INFO     | banking_rag.chunking.chunker:chunk_document:94 - Chunked document 775569b1-13ff-4824-8a38-d5a4bf74fd9b into 2 text chunks.
2026-08-01 11:45:20 | INFO     | banking_rag.chunking.contextual_chunker:process:76 - Added contextual headers to 2 chunks for dataset.jsonl
2026-08-01 11:45:20 | INFO     | banking_rag.chunking.chunker:chunk_document:94 - Chunked document 647546b8-b0ae-4452-b906-76fb763ea9e9 into 2 text chunks.
2026-08-01 11:45:20 | INFO     | banking_rag.chunking.contextual_chunker:process:76 - Added contextual headers to 2 chunks for dataset.jsonl
2026-08-01 11:45:20 | INFO     | banking_rag.chunking.chunker:chunk_document:94 - Chunked document 0aa37acb-ec29-4973-aae7-c89ec78e2216 into 2 text chunks.
2026-08-01 11:45:20 | INFO     | banking_rag.chunking.contextual_chunker:process:76 - Added contextual headers to 2 chunks for dataset.jsonl
2026-08-01 11:45:20 | INFO     | banking_rag.chunking.chunker:chunk_document:94 - Chunked document 6d435267-213e-490b-bbaf-5a23b1807e83 into 2 text chunks.
2026-08-01 11:45:20 | INFO     | banking_rag.chunking.contextual_chunker:process:76 - Added contextual headers to 2 chunks for dataset.jsonl
2026-08-01 11:45:20 | INFO     | banking_rag.chunking.chunker:chunk_document:94 - Chunked document d4e225c9-e286-4f43-a9d1-34cfff377cbd into 2 text chunks.
2026-08-01 11:45:20 | INFO     | banking_rag.chunking.contextual_chunker:process:76 - Added contextual headers to 2 chunks for dataset.jsonl
2026-08-01 11:45:20 | INFO     | banking_rag.chunking.chunker:chunk_document:94 - Chunked document c70e566b-c9c6-4595-9bee-70e14ecf40f6 into 2 text chunks.
2026-08-01 11:45:20 | INFO     | banking_rag.chunking.contextual_chunker:process:76 - Added contextual headers to 2 chunks for dataset.jsonl
2026-08-01 11:45:20 | INFO     | banking_rag.chunking.chunker:chunk_document:94 - Chunked document af67c835-b338-4272-83c4-559f6c31247a into 2 text chunks.
2026-08-01 11:45:20 | INFO     | banking_rag.chunking.contextual_chunker:process:76 - Added contextual headers to 2 chunks for dataset.jsonl
2026-08-01 11:45:20 | INFO     | banking_rag.chunking.chunker:chunk_document:94 - Chunked document 9b55904a-4db5-492b-b54e-aea13c6c8d2a into 2 text chunks.
2026-08-01 11:45:20 | INFO     | banking_rag.chunking.contextual_chunker:process:76 - Added contextual headers to 2 chunks for dataset.jsonl
2026-08-01 11:45:20 | INFO     | banking_rag.chunking.chunker:chunk_document:94 - Chunked document 35c9056d-d57d-4945-81d8-a4a2486261a1 into 2 text chunks.
2026-08-01 11:45:20 | INFO     | banking_rag.chunking.contextual_chunker:process:76 - Added contextual headers to 2 chunks for dataset.jsonl
2026-08-01 11:45:20 | INFO     | banking_rag.chunking.chunker:chunk_document:94 - Chunked document 146e5a6a-d574-4ff7-aa27-5992d8fa5a6a into 2 text chunks.
2026-08-01 11:45:20 | INFO     | banking_rag.chunking.contextual_chunker:process:76 - Added contextual headers to 2 chunks for dataset.jsonl
2026-08-01 11:45:20 | INFO     | banking_rag.chunking.chunker:chunk_document:94 - Chunked document 4dc35396-c0e6-4ce3-813f-5675ecbeb2f1 into 2 text chunks.
2026-08-01 11:45:20 | INFO     | banking_rag.chunking.contextual_chunker:process:76 - Added contextual headers to 2 chunks for dataset.jsonl
2026-08-01 11:45:20 | INFO     | banking_rag.chunking.chunker:chunk_document:94 - Chunked document 47d49617-1807-49d7-96dd-dd72352dae2a into 2 text chunks.
2026-08-01 11:45:20 | INFO     | banking_rag.chunking.contextual_chunker:process:76 - Added contextual headers to 2 chunks for dataset.jsonl
2026-08-01 11:45:20 | INFO     | banking_rag.chunking.chunker:chunk_document:94 - Chunked document 1c781493-5bb5-43d2-bd1c-707eddb3c7e1 into 2 text chunks.
2026-08-01 11:45:20 | INFO     | banking_rag.chunking.contextual_chunker:process:76 - Added contextual headers to 2 chunks for dataset.jsonl
2026-08-01 11:45:20 | INFO     | banking_rag.chunking.chunker:chunk_document:94 - Chunked document 32c4698b-c6a3-4336-8aa4-10f49048a1ed into 2 text chunks.
2026-08-01 11:45:20 | INFO     | banking_rag.chunking.contextual_chunker:process:76 - Added contextual headers to 2 chunks for dataset.jsonl
2026-08-01 11:45:20 | INFO     | banking_rag.chunking.chunker:chunk_document:94 - Chunked document 7e8407ed-4f30-483f-94b6-ac0d0f2724af into 2 text chunks.
2026-08-01 11:45:20 | INFO     | banking_rag.chunking.contextual_chunker:process:76 - Added contextual headers to 2 chunks for dataset.jsonl
2026-08-01 11:45:20 | INFO     | banking_rag.chunking.chunker:chunk_document:94 - Chunked document 0314e6ba-29cc-40c4-b247-a1dc0f7e7f7e into 2 text chunks.
2026-08-01 11:45:20 | INFO     | banking_rag.chunking.contextual_chunker:process:76 - Added contextual headers to 2 chunks for dataset.jsonl
2026-08-01 11:45:20 | INFO     | banking_rag.chunking.chunker:chunk_document:94 - Chunked document fb8326d2-03ef-4474-8467-6dd8ae0b92fe into 2 text chunks.
2026-08-01 11:45:20 | INFO     | banking_rag.chunking.contextual_chunker:process:76 - Added contextual headers to 2 chunks for dataset.jsonl
2026-08-01 11:45:20 | INFO     | banking_rag.chunking.chunker:chunk_document:94 - Chunked document f014db7f-5bfa-4cc6-974a-a63ee79fab6a into 2 text chunks.
2026-08-01 11:45:20 | INFO     | banking_rag.chunking.contextual_chunker:process:76 - Added contextual headers to 2 chunks for dataset.jsonl
2026-08-01 11:45:20 | INFO     | banking_rag.chunking.chunker:chunk_document:94 - Chunked document 03864b19-3eef-4272-8998-68943d3f83dd into 2 text chunks.
2026-08-01 11:45:20 | INFO     | banking_rag.chunking.contextual_chunker:process:76 - Added contextual headers to 2 chunks for dataset.jsonl
2026-08-01 11:45:20 | INFO     | banking_rag.chunking.chunker:chunk_document:94 - Chunked document e81e2548-2a26-49f5-9f6a-89cce54de86e into 2 text chunks.
2026-08-01 11:45:20 | INFO     | banking_rag.chunking.contextual_chunker:process:76 - Added contextual headers to 2 chunks for dataset.jsonl
2026-08-01 11:45:20 | INFO     | banking_rag.chunking.chunker:chunk_document:94 - Chunked document 871a58bc-69c1-4a4a-ac25-45f75fc8ad4e into 2 text chunks.
2026-08-01 11:45:20 | INFO     | banking_rag.chunking.contextual_chunker:process:76 - Added contextual headers to 2 chunks for dataset.jsonl
2026-08-01 11:45:20 | INFO     | banking_rag.chunking.chunker:chunk_document:94 - Chunked document 2ff08140-ad75-4880-9bef-375a3513570b into 2 text chunks.
2026-08-01 11:45:20 | INFO     | banking_rag.chunking.contextual_chunker:process:76 - Added contextual headers to 2 chunks for dataset.jsonl
2026-08-01 11:45:20 | INFO     | banking_rag.chunking.chunker:chunk_document:94 - Chunked document db1773dd-f027-42ab-a77a-9b27acc36b0e into 2 text chunks.
2026-08-01 11:45:20 | INFO     | banking_rag.chunking.contextual_chunker:process:76 - Added contextual headers to 2 chunks for dataset.jsonl
2026-08-01 11:45:20 | INFO     | banking_rag.chunking.chunker:chunk_document:94 - Chunked document a184a82d-2832-4e84-ba36-02e76739ce71 into 2 text chunks.
2026-08-01 11:45:20 | INFO     | banking_rag.chunking.contextual_chunker:process:76 - Added contextual headers to 2 chunks for dataset.jsonl
2026-08-01 11:45:20 | INFO     | banking_rag.chunking.chunker:chunk_document:94 - Chunked document 8e32bef4-11a1-4f62-bf89-5d6365befb9f into 2 text chunks.
2026-08-01 11:45:20 | INFO     | banking_rag.chunking.contextual_chunker:process:76 - Added contextual headers to 2 chunks for dataset.jsonl
2026-08-01 11:45:20 | INFO     | banking_rag.chunking.chunker:chunk_document:94 - Chunked document 3611041c-cee5-4ab8-ad86-1c39b8773179 into 2 text chunks.
2026-08-01 11:45:20 | INFO     | banking_rag.chunking.contextual_chunker:process:76 - Added contextual headers to 2 chunks for dataset.jsonl
2026-08-01 11:45:20 | INFO     | banking_rag.chunking.chunker:chunk_document:94 - Chunked document af1d2c64-5d68-42fd-ab03-fec3a2d455f5 into 2 text chunks.
2026-08-01 11:45:20 | INFO     | banking_rag.chunking.contextual_chunker:process:76 - Added contextual headers to 2 chunks for dataset.jsonl
2026-08-01 11:45:20 | INFO     | banking_rag.chunking.chunker:chunk_document:94 - Chunked document a1d4be4f-36c2-4825-a930-25e4a93bb128 into 2 text chunks.
2026-08-01 11:45:20 | INFO     | banking_rag.chunking.contextual_chunker:process:76 - Added contextual headers to 2 chunks for dataset.jsonl
2026-08-01 11:45:20 | INFO     | banking_rag.chunking.chunker:chunk_document:94 - Chunked document 4d3ab502-b7a1-430e-b7c4-98966358f123 into 2 text chunks.
2026-08-01 11:45:20 | INFO     | banking_rag.chunking.contextual_chunker:process:76 - Added contextual headers to 2 chunks for dataset.jsonl
2026-08-01 11:45:20 | INFO     | banking_rag.chunking.chunker:chunk_document:94 - Chunked document 021b442a-b73f-4a82-97eb-0f4333137178 into 2 text chunks.
2026-08-01 11:45:20 | INFO     | banking_rag.chunking.contextual_chunker:process:76 - Added contextual headers to 2 chunks for dataset.jsonl
2026-08-01 11:45:20 | INFO     | banking_rag.chunking.chunker:chunk_document:94 - Chunked document 08ae6b0b-588e-4fb5-9ccd-a021cb762207 into 2 text chunks.
2026-08-01 11:45:20 | INFO     | banking_rag.chunking.contextual_chunker:process:76 - Added contextual headers to 2 chunks for dataset.jsonl
2026-08-01 11:45:20 | INFO     | banking_rag.chunking.chunker:chunk_document:94 - Chunked document eaf582cf-b8cf-4b97-bb0b-0b22edb11b7e into 2 text chunks.
2026-08-01 11:45:20 | INFO     | banking_rag.chunking.contextual_chunker:process:76 - Added contextual headers to 2 chunks for dataset.jsonl
2026-08-01 11:45:20 | INFO     | banking_rag.chunking.chunker:chunk_document:94 - Chunked document 134c1c37-3d18-44a6-8dea-2b84ffa1a5ff into 2 text chunks.
2026-08-01 11:45:20 | INFO     | banking_rag.chunking.contextual_chunker:process:76 - Added contextual headers to 2 chunks for dataset.jsonl
2026-08-01 11:45:20 | INFO     | banking_rag.chunking.chunker:chunk_document:94 - Chunked document 1fd8a88c-9579-42f1-a24a-8deda7a6b484 into 2 text chunks.
2026-08-01 11:45:20 | INFO     | banking_rag.chunking.contextual_chunker:process:76 - Added contextual headers to 2 chunks for dataset.jsonl
2026-08-01 11:45:20 | INFO     | banking_rag.chunking.chunker:chunk_document:94 - Chunked document c2afbaa7-485b-4f2e-9d4b-a38ba049071d into 2 text chunks.
2026-08-01 11:45:20 | INFO     | banking_rag.chunking.contextual_chunker:process:76 - Added contextual headers to 2 chunks for dataset.jsonl
2026-08-01 11:45:20 | INFO     | banking_rag.chunking.chunker:chunk_document:94 - Chunked document ba490cb4-f033-4eb4-aacb-0dc632b56cd8 into 2 text chunks.
2026-08-01 11:45:20 | INFO     | banking_rag.chunking.contextual_chunker:process:76 - Added contextual headers to 2 chunks for dataset.jsonl
2026-08-01 11:45:20 | INFO     | banking_rag.chunking.chunker:chunk_document:94 - Chunked document c62206c4-33eb-454f-ad9a-a8f9c21dea5b into 2 text chunks.
2026-08-01 11:45:20 | INFO     | banking_rag.chunking.contextual_chunker:process:76 - Added contextual headers to 2 chunks for dataset.jsonl
2026-08-01 11:45:20 | INFO     | banking_rag.chunking.chunker:chunk_document:94 - Chunked document d814311d-343b-41c9-8c19-65c7636b4d34 into 2 text chunks.
2026-08-01 11:45:20 | INFO     | banking_rag.chunking.contextual_chunker:process:76 - Added contextual headers to 2 chunks for dataset.jsonl
2026-08-01 11:45:20 | INFO     | banking_rag.chunking.chunker:chunk_document:94 - Chunked document 3cf74ee2-6797-4aab-ae48-1ac6f10683cc into 2 text chunks.
2026-08-01 11:45:20 | INFO     | banking_rag.chunking.contextual_chunker:process:76 - Added contextual headers to 2 chunks for dataset.jsonl
2026-08-01 11:45:20 | INFO     | banking_rag.chunking.chunker:chunk_document:94 - Chunked document dadb2488-17cb-487c-8159-f990e99f42d3 into 2 text chunks.
2026-08-01 11:45:20 | INFO     | banking_rag.chunking.contextual_chunker:process:76 - Added contextual headers to 2 chunks for dataset.jsonl
2026-08-01 11:45:20 | INFO     | banking_rag.chunking.chunker:chunk_document:94 - Chunked document c307d35d-868c-4a4a-8339-31e891e9e3ad into 2 text chunks.
2026-08-01 11:45:20 | INFO     | banking_rag.chunking.contextual_chunker:process:76 - Added contextual headers to 2 chunks for dataset.jsonl
2026-08-01 11:45:20 | INFO     | banking_rag.chunking.chunker:chunk_document:94 - Chunked document 73327f3a-ac95-4cf8-b407-ed8700c8519a into 2 text chunks.
2026-08-01 11:45:20 | INFO     | banking_rag.chunking.contextual_chunker:process:76 - Added contextual headers to 2 chunks for dataset.jsonl
2026-08-01 11:45:20 | INFO     | banking_rag.chunking.chunker:chunk_document:94 - Chunked document 2d4078ad-4201-4b70-b4d7-c95fa3c1d0c2 into 2 text chunks.
2026-08-01 11:45:20 | INFO     | banking_rag.chunking.contextual_chunker:process:76 - Added contextual headers to 2 chunks for dataset.jsonl
2026-08-01 11:45:20 | INFO     | banking_rag.chunking.chunker:chunk_document:94 - Chunked document 072a0a8f-0f18-421e-b5f8-73da3f324a54 into 2 text chunks.
2026-08-01 11:45:20 | INFO     | banking_rag.chunking.contextual_chunker:process:76 - Added contextual headers to 2 chunks for dataset.jsonl
2026-08-01 11:45:20 | INFO     | banking_rag.chunking.chunker:chunk_document:94 - Chunked document 91f07a46-3f19-4830-bc1b-a29e61a5244e into 2 text chunks.
2026-08-01 11:45:20 | INFO     | banking_rag.chunking.contextual_chunker:process:76 - Added contextual headers to 2 chunks for dataset.jsonl
2026-08-01 11:45:20 | INFO     | banking_rag.chunking.chunker:chunk_document:94 - Chunked document 144219e1-7eaa-4575-9d8c-4b33b933d7af into 2 text chunks.
2026-08-01 11:45:20 | INFO     | banking_rag.chunking.contextual_chunker:process:76 - Added contextual headers to 2 chunks for dataset.jsonl
2026-08-01 11:45:20 | INFO     | banking_rag.chunking.chunker:chunk_document:94 - Chunked document fc20418c-8d4f-4e12-8790-d50a41c65f2e into 2 text chunks.
2026-08-01 11:45:20 | INFO     | banking_rag.chunking.contextual_chunker:process:76 - Added contextual headers to 2 chunks for dataset.jsonl
2026-08-01 11:45:20 | INFO     | banking_rag.chunking.chunker:chunk_document:94 - Chunked document 375a96e5-0635-4553-8175-6829f2017a88 into 2 text chunks.
2026-08-01 11:45:20 | INFO     | banking_rag.chunking.contextual_chunker:process:76 - Added contextual headers to 2 chunks for dataset.jsonl
2026-08-01 11:45:20 | INFO     | banking_rag.chunking.chunker:chunk_document:94 - Chunked document 8038a996-c1e2-4762-b5ac-36c55f379443 into 2 text chunks.
2026-08-01 11:45:20 | INFO     | banking_rag.chunking.contextual_chunker:process:76 - Added contextual headers to 2 chunks for dataset.jsonl
2026-08-01 11:45:20 | INFO     | banking_rag.chunking.chunker:chunk_document:94 - Chunked document bf755313-ad7f-4330-a32a-4d0e988b8610 into 2 text chunks.
2026-08-01 11:45:20 | INFO     | banking_rag.chunking.contextual_chunker:process:76 - Added contextual headers to 2 chunks for dataset.jsonl
2026-08-01 11:45:20 | INFO     | banking_rag.chunking.chunker:chunk_document:94 - Chunked document 67c5c1aa-08b0-49d4-b1bb-e4897dbaab1a into 2 text chunks.
2026-08-01 11:45:20 | INFO     | banking_rag.chunking.contextual_chunker:process:76 - Added contextual headers to 2 chunks for dataset.jsonl
2026-08-01 11:45:20 | INFO     | banking_rag.chunking.chunker:chunk_document:94 - Chunked document 088b6ebd-9106-4838-921c-4c7221446e32 into 2 text chunks.
2026-08-01 11:45:20 | INFO     | banking_rag.chunking.contextual_chunker:process:76 - Added contextual headers to 2 chunks for dataset.jsonl
2026-08-01 11:45:20 | INFO     | banking_rag.chunking.chunker:chunk_document:94 - Chunked document 52f34085-d3b5-4eda-b23a-6e63a5f2ee35 into 2 text chunks.
2026-08-01 11:45:20 | INFO     | banking_rag.chunking.contextual_chunker:process:76 - Added contextual headers to 2 chunks for dataset.jsonl
2026-08-01 11:45:20 | INFO     | banking_rag.chunking.chunker:chunk_document:94 - Chunked document beadf3ed-c5a8-44a8-9e1d-40fd358dbe49 into 2 text chunks.
2026-08-01 11:45:20 | INFO     | banking_rag.chunking.contextual_chunker:process:76 - Added contextual headers to 2 chunks for dataset.jsonl
2026-08-01 11:45:20 | INFO     | banking_rag.chunking.chunker:chunk_document:94 - Chunked document 3344fbb0-fc8a-406e-89c3-570f85ec2090 into 2 text chunks.
2026-08-01 11:45:20 | INFO     | banking_rag.chunking.contextual_chunker:process:76 - Added contextual headers to 2 chunks for dataset.jsonl
2026-08-01 11:45:20 | INFO     | banking_rag.chunking.chunker:chunk_document:94 - Chunked document 5c68de6e-0ab2-4fc6-a577-f448d454d6c9 into 2 text chunks.
2026-08-01 11:45:20 | INFO     | banking_rag.chunking.contextual_chunker:process:76 - Added contextual headers to 2 chunks for dataset.jsonl
2026-08-01 11:45:20 | INFO     | banking_rag.chunking.chunker:chunk_document:94 - Chunked document 006c79ef-29ff-4609-af5d-2f17fc877bb1 into 2 text chunks.
2026-08-01 11:45:20 | INFO     | banking_rag.chunking.contextual_chunker:process:76 - Added contextual headers to 2 chunks for dataset.jsonl
2026-08-01 11:45:20 | INFO     | banking_rag.chunking.chunker:chunk_document:94 - Chunked document fb33738a-a05c-4b5c-b3fe-e6795182dc54 into 2 text chunks.
2026-08-01 11:45:20 | INFO     | banking_rag.chunking.contextual_chunker:process:76 - Added contextual headers to 2 chunks for dataset.jsonl
2026-08-01 11:45:20 | INFO     | banking_rag.chunking.chunker:chunk_document:94 - Chunked document fb83811c-4b9d-4d6a-9067-81d4544d65f0 into 2 text chunks.
2026-08-01 11:45:20 | INFO     | banking_rag.chunking.contextual_chunker:process:76 - Added contextual headers to 2 chunks for dataset.jsonl
2026-08-01 11:45:20 | INFO     | banking_rag.chunking.chunker:chunk_document:94 - Chunked document fe71a7a9-446f-47e7-b0ac-83361231e911 into 2 text chunks.
2026-08-01 11:45:20 | INFO     | banking_rag.chunking.contextual_chunker:process:76 - Added contextual headers to 2 chunks for dataset.jsonl
2026-08-01 11:45:20 | INFO     | banking_rag.chunking.chunker:chunk_document:94 - Chunked document d687e8fe-2ff1-4743-9ed6-1380f402ec53 into 2 text chunks.
2026-08-01 11:45:20 | INFO     | banking_rag.chunking.contextual_chunker:process:76 - Added contextual headers to 2 chunks for dataset.jsonl
2026-08-01 11:45:20 | INFO     | banking_rag.chunking.chunker:chunk_document:94 - Chunked document 199788f9-bc28-4243-b6e5-329838ccfe73 into 2 text chunks.
2026-08-01 11:45:20 | INFO     | banking_rag.chunking.contextual_chunker:process:76 - Added contextual headers to 2 chunks for dataset.jsonl
2026-08-01 11:45:20 | INFO     | banking_rag.chunking.chunker:chunk_document:94 - Chunked document 6c778441-0295-4054-892d-c422dda1874d into 2 text chunks.
2026-08-01 11:45:20 | INFO     | banking_rag.chunking.contextual_chunker:process:76 - Added contextual headers to 2 chunks for dataset.jsonl
2026-08-01 11:45:20 | INFO     | banking_rag.chunking.chunker:chunk_document:94 - Chunked document 7d15fc9a-97cd-491f-9a29-c96a258bb67c into 2 text chunks.
2026-08-01 11:45:20 | INFO     | banking_rag.chunking.contextual_chunker:process:76 - Added contextual headers to 2 chunks for dataset.jsonl
2026-08-01 11:45:20 | INFO     | banking_rag.chunking.chunker:chunk_document:94 - Chunked document 01d77c1f-5acc-43e4-8bdd-423b871bf9dc into 2 text chunks.
2026-08-01 11:45:20 | INFO     | banking_rag.chunking.contextual_chunker:process:76 - Added contextual headers to 2 chunks for dataset.jsonl
2026-08-01 11:45:20 | INFO     | banking_rag.chunking.chunker:chunk_document:94 - Chunked document ea0a35e7-6824-4145-bb51-5544a94d3772 into 2 text chunks.
2026-08-01 11:45:20 | INFO     | banking_rag.chunking.contextual_chunker:process:76 - Added contextual headers to 2 chunks for dataset.jsonl
2026-08-01 11:45:20 | INFO     | banking_rag.chunking.chunker:chunk_document:94 - Chunked document 11604c96-82be-4b2a-bbe7-c371a1f6ec6c into 2 text chunks.
2026-08-01 11:45:20 | INFO     | banking_rag.chunking.contextual_chunker:process:76 - Added contextual headers to 2 chunks for dataset.jsonl
2026-08-01 11:45:20 | INFO     | banking_rag.chunking.chunker:chunk_document:94 - Chunked document 8c4499cb-c2e1-49d9-a92b-a5544bc8791b into 2 text chunks.
2026-08-01 11:45:20 | INFO     | banking_rag.chunking.contextual_chunker:process:76 - Added contextual headers to 2 chunks for dataset.jsonl
2026-08-01 11:45:20 | INFO     | banking_rag.chunking.chunker:chunk_document:94 - Chunked document 0b840a69-43c4-4c41-818d-5a54ca3770f8 into 2 text chunks.
2026-08-01 11:45:20 | INFO     | banking_rag.chunking.contextual_chunker:process:76 - Added contextual headers to 2 chunks for dataset.jsonl
2026-08-01 11:45:20 | INFO     | banking_rag.chunking.chunker:chunk_document:94 - Chunked document a6fc238a-694b-4b00-8b0b-a0910c41ccfb into 2 text chunks.
2026-08-01 11:45:20 | INFO     | banking_rag.chunking.contextual_chunker:process:76 - Added contextual headers to 2 chunks for dataset.jsonl
2026-08-01 11:45:20 | INFO     | banking_rag.chunking.chunker:chunk_document:94 - Chunked document a5933022-085a-4bf4-90de-e0ee550e3951 into 2 text chunks.
2026-08-01 11:45:20 | INFO     | banking_rag.chunking.contextual_chunker:process:76 - Added contextual headers to 2 chunks for dataset.jsonl
2026-08-01 11:45:20 | INFO     | banking_rag.chunking.chunker:chunk_document:94 - Chunked document 590508fd-b623-4e70-8cde-9c2777187dc3 into 2 text chunks.
2026-08-01 11:45:20 | INFO     | banking_rag.chunking.contextual_chunker:process:76 - Added contextual headers to 2 chunks for dataset.jsonl
2026-08-01 11:45:20 | INFO     | banking_rag.chunking.chunker:chunk_document:94 - Chunked document d966f2f4-8fe7-426d-86ed-22000eaeb47c into 2 text chunks.
2026-08-01 11:45:20 | INFO     | banking_rag.chunking.contextual_chunker:process:76 - Added contextual headers to 2 chunks for dataset.jsonl
2026-08-01 11:45:20 | INFO     | banking_rag.chunking.chunker:chunk_document:94 - Chunked document 91e6e907-2366-4e8a-8db6-1594084c7774 into 2 text chunks.
2026-08-01 11:45:20 | INFO     | banking_rag.chunking.contextual_chunker:process:76 - Added contextual headers to 2 chunks for dataset.jsonl
2026-08-01 11:45:20 | INFO     | banking_rag.chunking.chunker:chunk_document:94 - Chunked document c9d2191f-67de-48e9-b176-fca363a4cf15 into 2 text chunks.
2026-08-01 11:45:20 | INFO     | banking_rag.chunking.contextual_chunker:process:76 - Added contextual headers to 2 chunks for dataset.jsonl
2026-08-01 11:45:20 | INFO     | banking_rag.chunking.chunker:chunk_document:94 - Chunked document 01a9f1cb-fa09-4f67-8a1b-46559826c2a2 into 2 text chunks.
2026-08-01 11:45:20 | INFO     | banking_rag.chunking.contextual_chunker:process:76 - Added contextual headers to 2 chunks for dataset.jsonl
2026-08-01 11:45:20 | INFO     | banking_rag.chunking.chunker:chunk_document:94 - Chunked document bc73472a-b96b-45e3-a072-0366c1589b9f into 2 text chunks.
2026-08-01 11:45:20 | INFO     | banking_rag.chunking.contextual_chunker:process:76 - Added contextual headers to 2 chunks for dataset.jsonl
2026-08-01 11:45:20 | INFO     | banking_rag.chunking.chunker:chunk_document:94 - Chunked document 99cecfe8-e519-49d0-8356-b57409fda96f into 2 text chunks.
2026-08-01 11:45:20 | INFO     | banking_rag.chunking.contextual_chunker:process:76 - Added contextual headers to 2 chunks for dataset.jsonl
2026-08-01 11:45:20 | INFO     | banking_rag.chunking.chunker:chunk_document:94 - Chunked document a587cc09-4116-4c7c-a097-9ea353942be2 into 2 text chunks.
2026-08-01 11:45:20 | INFO     | banking_rag.chunking.contextual_chunker:process:76 - Added contextual headers to 2 chunks for dataset.jsonl
2026-08-01 11:45:20 | INFO     | banking_rag.chunking.chunker:chunk_document:94 - Chunked document b266be0e-5f45-4be0-a01b-de95317b92fb into 2 text chunks.
2026-08-01 11:45:20 | INFO     | banking_rag.chunking.contextual_chunker:process:76 - Added contextual headers to 2 chunks for dataset.jsonl
2026-08-01 11:45:20 | INFO     | banking_rag.chunking.chunker:chunk_document:94 - Chunked document be839cb4-2906-4f36-995a-3700e1ec5b1a into 2 text chunks.
2026-08-01 11:45:20 | INFO     | banking_rag.chunking.contextual_chunker:process:76 - Added contextual headers to 2 chunks for dataset.jsonl
2026-08-01 11:45:20 | INFO     | banking_rag.chunking.chunker:chunk_document:94 - Chunked document b7c6f567-b02e-4c11-a5a9-2de0d64abc3b into 2 text chunks.
2026-08-01 11:45:20 | INFO     | banking_rag.chunking.contextual_chunker:process:76 - Added contextual headers to 2 chunks for dataset.jsonl
2026-08-01 11:45:20 | INFO     | banking_rag.chunking.chunker:chunk_document:94 - Chunked document a0842a06-5012-45fe-ace1-6cf2b9494691 into 2 text chunks.
2026-08-01 11:45:20 | INFO     | banking_rag.chunking.contextual_chunker:process:76 - Added contextual headers to 2 chunks for dataset.jsonl
2026-08-01 11:45:20 | INFO     | banking_rag.chunking.chunker:chunk_document:94 - Chunked document 60b8424b-61ce-4f5c-ace4-c6311a63110d into 2 text chunks.
2026-08-01 11:45:20 | INFO     | banking_rag.chunking.contextual_chunker:process:76 - Added contextual headers to 2 chunks for dataset.jsonl
2026-08-01 11:45:20 | INFO     | banking_rag.chunking.chunker:chunk_document:94 - Chunked document 1d0a0bce-9e4d-4b69-9d0f-b2c6eed3f6b8 into 2 text chunks.
2026-08-01 11:45:20 | INFO     | banking_rag.chunking.contextual_chunker:process:76 - Added contextual headers to 2 chunks for dataset.jsonl
2026-08-01 11:45:20 | INFO     | banking_rag.chunking.chunker:chunk_document:94 - Chunked document 1fed5891-4c1e-4e73-b682-eb1d90534c96 into 2 text chunks.
2026-08-01 11:45:20 | INFO     | banking_rag.chunking.contextual_chunker:process:76 - Added contextual headers to 2 chunks for dataset.jsonl
2026-08-01 11:45:20 | INFO     | banking_rag.chunking.chunker:chunk_document:94 - Chunked document 59391a2e-89a5-492c-afc4-c899d26a9935 into 2 text chunks.
2026-08-01 11:45:20 | INFO     | banking_rag.chunking.contextual_chunker:process:76 - Added contextual headers to 2 chunks for dataset.jsonl
2026-08-01 11:45:20 | INFO     | banking_rag.chunking.chunker:chunk_document:94 - Chunked document fe4c3db9-507e-45f5-a991-d6e08fd6b82f into 2 text chunks.
2026-08-01 11:45:20 | INFO     | banking_rag.chunking.contextual_chunker:process:76 - Added contextual headers to 2 chunks for dataset.jsonl
2026-08-01 11:45:20 | INFO     | banking_rag.chunking.chunker:chunk_document:94 - Chunked document a5d4f159-ed46-4325-84cb-9e0a87ca2e6c into 2 text chunks.
2026-08-01 11:45:20 | INFO     | banking_rag.chunking.contextual_chunker:process:76 - Added contextual headers to 2 chunks for dataset.jsonl
2026-08-01 11:45:20 | INFO     | banking_rag.chunking.chunker:chunk_document:94 - Chunked document 487958c6-13f8-4147-b39c-2ba871bfc0c3 into 2 text chunks.
2026-08-01 11:45:20 | INFO     | banking_rag.chunking.contextual_chunker:process:76 - Added contextual headers to 2 chunks for dataset.jsonl
2026-08-01 11:45:20 | INFO     | banking_rag.chunking.chunker:chunk_document:94 - Chunked document c19fb95c-efd8-4f63-a2f6-14653fc1ea8b into 2 text chunks.
2026-08-01 11:45:20 | INFO     | banking_rag.chunking.contextual_chunker:process:76 - Added contextual headers to 2 chunks for dataset.jsonl
2026-08-01 11:45:20 | INFO     | banking_rag.chunking.chunker:chunk_document:94 - Chunked document cdd503e1-023c-44e9-9f0f-ad2c005231b0 into 2 text chunks.
2026-08-01 11:45:20 | INFO     | banking_rag.chunking.contextual_chunker:process:76 - Added contextual headers to 2 chunks for dataset.jsonl
2026-08-01 11:45:20 | INFO     | banking_rag.chunking.chunker:chunk_document:94 - Chunked document 99f6f151-9417-4e6b-8b42-539a668c98c7 into 2 text chunks.
2026-08-01 11:45:20 | INFO     | banking_rag.chunking.contextual_chunker:process:76 - Added contextual headers to 2 chunks for dataset.jsonl
2026-08-01 11:45:20 | INFO     | banking_rag.chunking.chunker:chunk_document:94 - Chunked document 5435d055-bdd7-4d5f-8fff-3d4f6b2e6a8b into 2 text chunks.
2026-08-01 11:45:20 | INFO     | banking_rag.chunking.contextual_chunker:process:76 - Added contextual headers to 2 chunks for dataset.jsonl
2026-08-01 11:45:20 | INFO     | banking_rag.chunking.chunker:chunk_document:94 - Chunked document 66b428d4-412c-4260-b5de-09b37cd19875 into 2 text chunks.
2026-08-01 11:45:20 | INFO     | banking_rag.chunking.contextual_chunker:process:76 - Added contextual headers to 2 chunks for dataset.jsonl
2026-08-01 11:45:20 | INFO     | banking_rag.chunking.chunker:chunk_document:94 - Chunked document 565546f2-da02-40cb-a6e0-0298bdf40af8 into 2 text chunks.
2026-08-01 11:45:20 | INFO     | banking_rag.chunking.contextual_chunker:process:76 - Added contextual headers to 2 chunks for dataset.jsonl
2026-08-01 11:45:20 | INFO     | banking_rag.chunking.chunker:chunk_document:94 - Chunked document 7468345d-d995-4e78-ba67-5035fea81113 into 2 text chunks.
2026-08-01 11:45:20 | INFO     | banking_rag.chunking.contextual_chunker:process:76 - Added contextual headers to 2 chunks for dataset.jsonl
2026-08-01 11:45:20 | INFO     | banking_rag.chunking.chunker:chunk_document:94 - Chunked document 773c61e9-89b7-4628-82b8-e47f20c60c0a into 2 text chunks.
2026-08-01 11:45:20 | INFO     | banking_rag.chunking.contextual_chunker:process:76 - Added contextual headers to 2 chunks for dataset.jsonl
2026-08-01 11:45:20 | INFO     | banking_rag.chunking.chunker:chunk_document:94 - Chunked document f9e8c16b-957e-4670-bcee-044b6323b720 into 2 text chunks.
2026-08-01 11:45:20 | INFO     | banking_rag.chunking.contextual_chunker:process:76 - Added contextual headers to 2 chunks for dataset.jsonl
2026-08-01 11:45:20 | INFO     | banking_rag.chunking.chunker:chunk_document:94 - Chunked document d0d6730a-6f38-488a-aa62-6e160fabe1d7 into 2 text chunks.
2026-08-01 11:45:20 | INFO     | banking_rag.chunking.contextual_chunker:process:76 - Added contextual headers to 2 chunks for dataset.jsonl
2026-08-01 11:45:20 | INFO     | banking_rag.chunking.chunker:chunk_document:94 - Chunked document 8af93021-43ca-49f9-9e12-21db208a0153 into 2 text chunks.
2026-08-01 11:45:20 | INFO     | banking_rag.chunking.contextual_chunker:process:76 - Added contextual headers to 2 chunks for dataset.jsonl
2026-08-01 11:45:20 | INFO     | banking_rag.chunking.chunker:chunk_document:94 - Chunked document f7a069b2-8020-4a22-baff-dabe6c7887b3 into 2 text chunks.
2026-08-01 11:45:20 | INFO     | banking_rag.chunking.contextual_chunker:process:76 - Added contextual headers to 2 chunks for dataset.jsonl
2026-08-01 11:45:20 | INFO     | banking_rag.chunking.chunker:chunk_document:94 - Chunked document f64b75d0-6448-4933-98d7-aaf7a2fbe76d into 2 text chunks.
2026-08-01 11:45:20 | INFO     | banking_rag.chunking.contextual_chunker:process:76 - Added contextual headers to 2 chunks for dataset.jsonl
2026-08-01 11:45:20 | INFO     | banking_rag.chunking.chunker:chunk_document:94 - Chunked document f830ba37-7028-4b4a-84cc-b800db6fbc57 into 2 text chunks.
2026-08-01 11:45:20 | INFO     | banking_rag.chunking.contextual_chunker:process:76 - Added contextual headers to 2 chunks for dataset.jsonl
2026-08-01 11:45:20 | INFO     | banking_rag.chunking.chunker:chunk_document:94 - Chunked document c8d0706f-9d05-4119-98b8-7e92e7e650de into 2 text chunks.
2026-08-01 11:45:20 | INFO     | banking_rag.chunking.contextual_chunker:process:76 - Added contextual headers to 2 chunks for dataset.jsonl
2026-08-01 11:45:20 | INFO     | banking_rag.chunking.chunker:chunk_document:94 - Chunked document 4ac9a65e-b4d4-4896-842e-e931c0285c6f into 2 text chunks.
2026-08-01 11:45:20 | INFO     | banking_rag.chunking.contextual_chunker:process:76 - Added contextual headers to 2 chunks for dataset.jsonl
2026-08-01 11:45:20 | INFO     | banking_rag.chunking.chunker:chunk_document:94 - Chunked document e2ecc71e-3ca7-4d2f-bea4-cda73c5e9846 into 2 text chunks.
2026-08-01 11:45:20 | INFO     | banking_rag.chunking.contextual_chunker:process:76 - Added contextual headers to 2 chunks for dataset.jsonl
2026-08-01 11:45:20 | INFO     | banking_rag.chunking.chunker:chunk_document:94 - Chunked document 86b5c25a-2b3f-42a3-821b-5b02720c57df into 2 text chunks.
2026-08-01 11:45:20 | INFO     | banking_rag.chunking.contextual_chunker:process:76 - Added contextual headers to 2 chunks for dataset.jsonl
2026-08-01 11:45:20 | INFO     | banking_rag.chunking.chunker:chunk_document:94 - Chunked document a3998650-f8fb-40bf-9eee-cfe7a9d7c785 into 2 text chunks.
2026-08-01 11:45:20 | INFO     | banking_rag.chunking.contextual_chunker:process:76 - Added contextual headers to 2 chunks for dataset.jsonl
2026-08-01 11:45:20 | INFO     | banking_rag.chunking.chunker:chunk_document:94 - Chunked document 59f6a4af-b21a-493f-9973-324b52ffdc71 into 2 text chunks.
2026-08-01 11:45:20 | INFO     | banking_rag.chunking.contextual_chunker:process:76 - Added contextual headers to 2 chunks for dataset.jsonl
2026-08-01 11:45:20 | INFO     | banking_rag.chunking.chunker:chunk_document:94 - Chunked document 129b9a8e-f60b-487b-87cf-18b4dd9a5707 into 2 text chunks.
2026-08-01 11:45:20 | INFO     | banking_rag.chunking.contextual_chunker:process:76 - Added contextual headers to 2 chunks for dataset.jsonl
2026-08-01 11:45:20 | INFO     | banking_rag.chunking.chunker:chunk_document:94 - Chunked document 7295779b-de63-4e00-ab45-10c80ee6eef0 into 2 text chunks.
2026-08-01 11:45:20 | INFO     | banking_rag.chunking.contextual_chunker:process:76 - Added contextual headers to 2 chunks for dataset.jsonl
2026-08-01 11:45:20 | INFO     | banking_rag.chunking.chunker:chunk_document:94 - Chunked document a2f09e88-8128-4449-9d4f-6f9d5196898d into 2 text chunks.
2026-08-01 11:45:20 | INFO     | banking_rag.chunking.contextual_chunker:process:76 - Added contextual headers to 2 chunks for dataset.jsonl
2026-08-01 11:45:20 | INFO     | banking_rag.chunking.chunker:chunk_document:94 - Chunked document 29efb51d-ec12-4e0e-b921-513069831336 into 2 text chunks.
2026-08-01 11:45:20 | INFO     | banking_rag.chunking.contextual_chunker:process:76 - Added contextual headers to 2 chunks for dataset.jsonl
2026-08-01 11:45:20 | INFO     | banking_rag.chunking.chunker:chunk_document:94 - Chunked document dc300b35-ea0b-4804-9f58-22f46f85f7d8 into 2 text chunks.
2026-08-01 11:45:20 | INFO     | banking_rag.chunking.contextual_chunker:process:76 - Added contextual headers to 2 chunks for dataset.jsonl
2026-08-01 11:45:20 | INFO     | banking_rag.chunking.chunker:chunk_document:94 - Chunked document f1b419cf-804d-4bb6-af60-df13dd84ea5c into 2 text chunks.
2026-08-01 11:45:20 | INFO     | banking_rag.chunking.contextual_chunker:process:76 - Added contextual headers to 2 chunks for dataset.jsonl
2026-08-01 11:45:20 | INFO     | banking_rag.chunking.chunker:chunk_document:94 - Chunked document a48779e0-0962-44a5-8dc7-28711227b7a4 into 2 text chunks.
2026-08-01 11:45:20 | INFO     | banking_rag.chunking.contextual_chunker:process:76 - Added contextual headers to 2 chunks for dataset.jsonl
2026-08-01 11:45:20 | INFO     | banking_rag.chunking.chunker:chunk_document:94 - Chunked document 4b7dbbdf-478e-45e1-9b96-114c5544586e into 2 text chunks.
2026-08-01 11:45:20 | INFO     | banking_rag.chunking.contextual_chunker:process:76 - Added contextual headers to 2 chunks for dataset.jsonl
2026-08-01 11:45:20 | INFO     | banking_rag.chunking.chunker:chunk_document:94 - Chunked document 69469f8d-2417-4ae1-bd67-e7df538135d2 into 2 text chunks.
2026-08-01 11:45:20 | INFO     | banking_rag.chunking.contextual_chunker:process:76 - Added contextual headers to 2 chunks for dataset.jsonl
2026-08-01 11:45:20 | INFO     | banking_rag.chunking.chunker:chunk_document:94 - Chunked document e0408f32-7dec-473d-a2f2-9ff686fa1e50 into 2 text chunks.
2026-08-01 11:45:20 | INFO     | banking_rag.chunking.contextual_chunker:process:76 - Added contextual headers to 2 chunks for dataset.jsonl
2026-08-01 11:45:20 | INFO     | banking_rag.chunking.chunker:chunk_document:94 - Chunked document c0baf73d-1b24-4e17-9947-02d75b27493f into 2 text chunks.
2026-08-01 11:45:20 | INFO     | banking_rag.chunking.contextual_chunker:process:76 - Added contextual headers to 2 chunks for dataset.jsonl
2026-08-01 11:45:20 | INFO     | banking_rag.chunking.chunker:chunk_document:94 - Chunked document d6569dee-26c1-4e57-b336-0c4497358fe0 into 2 text chunks.
2026-08-01 11:45:20 | INFO     | banking_rag.chunking.contextual_chunker:process:76 - Added contextual headers to 2 chunks for dataset.jsonl
2026-08-01 11:45:20 | INFO     | banking_rag.chunking.chunker:chunk_document:94 - Chunked document e0d43c9e-2c9c-4db4-86dc-fdcd2afa763a into 2 text chunks.
2026-08-01 11:45:20 | INFO     | banking_rag.chunking.contextual_chunker:process:76 - Added contextual headers to 2 chunks for dataset.jsonl
2026-08-01 11:45:20 | INFO     | banking_rag.chunking.chunker:chunk_document:94 - Chunked document 53dc29c4-ae26-44eb-bc0c-5b775be10c60 into 2 text chunks.
2026-08-01 11:45:20 | INFO     | banking_rag.chunking.contextual_chunker:process:76 - Added contextual headers to 2 chunks for dataset.jsonl
2026-08-01 11:45:20 | INFO     | banking_rag.chunking.chunker:chunk_document:94 - Chunked document 0c733e47-2be9-4842-9995-2c3c0819fc94 into 2 text chunks.
2026-08-01 11:45:20 | INFO     | banking_rag.chunking.contextual_chunker:process:76 - Added contextual headers to 2 chunks for dataset.jsonl
2026-08-01 11:45:20 | INFO     | banking_rag.chunking.chunker:chunk_document:94 - Chunked document 2973c2cc-5f71-4939-b600-5e226efbe131 into 2 text chunks.
2026-08-01 11:45:20 | INFO     | banking_rag.chunking.contextual_chunker:process:76 - Added contextual headers to 2 chunks for dataset.jsonl
2026-08-01 11:45:20 | INFO     | banking_rag.chunking.chunker:chunk_document:94 - Chunked document beb0c80f-48c2-4f8d-b507-1fed55a27e1c into 2 text chunks.
2026-08-01 11:45:20 | INFO     | banking_rag.chunking.contextual_chunker:process:76 - Added contextual headers to 2 chunks for dataset.jsonl
2026-08-01 11:45:20 | INFO     | banking_rag.chunking.chunker:chunk_document:94 - Chunked document 819b176f-d5ef-4dcd-a4f8-37f95069ccbc into 2 text chunks.
2026-08-01 11:45:20 | INFO     | banking_rag.chunking.contextual_chunker:process:76 - Added contextual headers to 2 chunks for dataset.jsonl
2026-08-01 11:45:20 | INFO     | banking_rag.chunking.chunker:chunk_document:94 - Chunked document aeca9a0d-ec02-4035-9694-fedf0d5922b1 into 2 text chunks.
2026-08-01 11:45:20 | INFO     | banking_rag.chunking.contextual_chunker:process:76 - Added contextual headers to 2 chunks for dataset.jsonl
2026-08-01 11:45:20 | INFO     | banking_rag.chunking.chunker:chunk_document:94 - Chunked document bba6af93-9753-4cda-8360-8c2804cc2b51 into 2 text chunks.
2026-08-01 11:45:20 | INFO     | banking_rag.chunking.contextual_chunker:process:76 - Added contextual headers to 2 chunks for dataset.jsonl
2026-08-01 11:45:20 | INFO     | banking_rag.chunking.chunker:chunk_document:94 - Chunked document cb8d3c2d-c1ec-4482-9283-39737cb99c8c into 2 text chunks.
2026-08-01 11:45:20 | INFO     | banking_rag.chunking.contextual_chunker:process:76 - Added contextual headers to 2 chunks for dataset.jsonl
2026-08-01 11:45:20 | INFO     | banking_rag.chunking.chunker:chunk_document:94 - Chunked document af95f95c-9c8c-4636-b2c9-04cae117d4be into 2 text chunks.
2026-08-01 11:45:20 | INFO     | banking_rag.chunking.contextual_chunker:process:76 - Added contextual headers to 2 chunks for dataset.jsonl
2026-08-01 11:45:20 | INFO     | banking_rag.chunking.chunker:chunk_document:94 - Chunked document d4d11d40-23c4-496d-b1c8-3023476b0e07 into 2 text chunks.
2026-08-01 11:45:20 | INFO     | banking_rag.chunking.contextual_chunker:process:76 - Added contextual headers to 2 chunks for dataset.jsonl
2026-08-01 11:45:20 | INFO     | banking_rag.chunking.chunker:chunk_document:94 - Chunked document cc4c2d5e-cf1c-4d37-85ba-cc76f36abfc7 into 2 text chunks.
2026-08-01 11:45:20 | INFO     | banking_rag.chunking.contextual_chunker:process:76 - Added contextual headers to 2 chunks for dataset.jsonl
2026-08-01 11:45:20 | INFO     | banking_rag.chunking.chunker:chunk_document:94 - Chunked document 231cb08c-94c0-4bb7-8626-38d4cbcaa92b into 2 text chunks.
2026-08-01 11:45:20 | INFO     | banking_rag.chunking.contextual_chunker:process:76 - Added contextual headers to 2 chunks for dataset.jsonl
2026-08-01 11:45:20 | INFO     | banking_rag.chunking.chunker:chunk_document:94 - Chunked document fb4e5810-f30c-4cf7-b811-22332431729a into 2 text chunks.
2026-08-01 11:45:20 | INFO     | banking_rag.chunking.contextual_chunker:process:76 - Added contextual headers to 2 chunks for dataset.jsonl
2026-08-01 11:45:20 | INFO     | banking_rag.chunking.chunker:chunk_document:94 - Chunked document c1552ed5-de77-49f3-a7b9-a85370f23747 into 2 text chunks.
2026-08-01 11:45:20 | INFO     | banking_rag.chunking.contextual_chunker:process:76 - Added contextual headers to 2 chunks for dataset.jsonl
2026-08-01 11:45:20 | INFO     | banking_rag.chunking.chunker:chunk_document:94 - Chunked document a0e60698-943d-4d4a-9845-cad796bee579 into 2 text chunks.
2026-08-01 11:45:20 | INFO     | banking_rag.chunking.contextual_chunker:process:76 - Added contextual headers to 2 chunks for dataset.jsonl
2026-08-01 11:45:20 | INFO     | banking_rag.chunking.chunker:chunk_document:94 - Chunked document 66a55b05-e383-4746-87a1-42bf69e3084a into 2 text chunks.
2026-08-01 11:45:20 | INFO     | banking_rag.chunking.contextual_chunker:process:76 - Added contextual headers to 2 chunks for dataset.jsonl
2026-08-01 11:45:20 | INFO     | banking_rag.chunking.chunker:chunk_document:94 - Chunked document 1043e38e-2332-4356-a7b4-1cb2415b4df8 into 2 text chunks.
2026-08-01 11:45:20 | INFO     | banking_rag.chunking.contextual_chunker:process:76 - Added contextual headers to 2 chunks for dataset.jsonl
2026-08-01 11:45:20 | INFO     | banking_rag.chunking.chunker:chunk_document:94 - Chunked document 37359acd-5e9b-4c4e-a611-c8f69ee5d07c into 2 text chunks.
2026-08-01 11:45:20 | INFO     | banking_rag.chunking.contextual_chunker:process:76 - Added contextual headers to 2 chunks for dataset.jsonl
2026-08-01 11:45:20 | INFO     | banking_rag.chunking.chunker:chunk_document:94 - Chunked document e90a71f8-23cd-4de6-953b-58db5964f856 into 2 text chunks.
2026-08-01 11:45:20 | INFO     | banking_rag.chunking.contextual_chunker:process:76 - Added contextual headers to 2 chunks for dataset.jsonl
2026-08-01 11:45:20 | INFO     | banking_rag.chunking.chunker:chunk_document:94 - Chunked document 58af6afc-cd6e-4e80-ac80-54fddf88391d into 2 text chunks.
2026-08-01 11:45:20 | INFO     | banking_rag.chunking.contextual_chunker:process:76 - Added contextual headers to 2 chunks for dataset.jsonl
2026-08-01 11:45:20 | INFO     | banking_rag.chunking.chunker:chunk_document:94 - Chunked document 1aa187a8-6521-4587-8b95-b503202cbc02 into 2 text chunks.
2026-08-01 11:45:20 | INFO     | banking_rag.chunking.contextual_chunker:process:76 - Added contextual headers to 2 chunks for dataset.jsonl
2026-08-01 11:45:20 | INFO     | banking_rag.chunking.chunker:chunk_document:94 - Chunked document 9267e5f1-6aee-44bd-b46a-5c884a6a615f into 2 text chunks.
2026-08-01 11:45:20 | INFO     | banking_rag.chunking.contextual_chunker:process:76 - Added contextual headers to 2 chunks for dataset.jsonl
2026-08-01 11:45:20 | INFO     | banking_rag.chunking.chunker:chunk_document:94 - Chunked document 5bcaa76b-4261-4cbb-8b42-659f1ee492c4 into 2 text chunks.
2026-08-01 11:45:20 | INFO     | banking_rag.chunking.contextual_chunker:process:76 - Added contextual headers to 2 chunks for dataset.jsonl
2026-08-01 11:45:20 | INFO     | banking_rag.chunking.chunker:chunk_document:94 - Chunked document 7943269b-db26-4b73-8988-9dc916c1ba74 into 2 text chunks.
2026-08-01 11:45:20 | INFO     | banking_rag.chunking.contextual_chunker:process:76 - Added contextual headers to 2 chunks for dataset.jsonl
2026-08-01 11:45:20 | INFO     | banking_rag.chunking.chunker:chunk_document:94 - Chunked document 9ab30573-24f0-4d98-aef0-768fd108db99 into 2 text chunks.
2026-08-01 11:45:20 | INFO     | banking_rag.chunking.contextual_chunker:process:76 - Added contextual headers to 2 chunks for dataset.jsonl
2026-08-01 11:45:20 | INFO     | banking_rag.chunking.chunker:chunk_document:94 - Chunked document bfa03f61-0438-4996-9489-eb14aac9eeb7 into 2 text chunks.
2026-08-01 11:45:20 | INFO     | banking_rag.chunking.contextual_chunker:process:76 - Added contextual headers to 2 chunks for dataset.jsonl
2026-08-01 11:45:20 | INFO     | banking_rag.chunking.chunker:chunk_document:94 - Chunked document 158ee95f-07e6-4284-b6d5-d69f2c36f0f9 into 2 text chunks.
2026-08-01 11:45:20 | INFO     | banking_rag.chunking.contextual_chunker:process:76 - Added contextual headers to 2 chunks for dataset.jsonl
2026-08-01 11:45:20 | INFO     | banking_rag.chunking.chunker:chunk_document:94 - Chunked document b93111f3-576d-4611-87d6-1fdb88c163ed into 2 text chunks.
2026-08-01 11:45:20 | INFO     | banking_rag.chunking.contextual_chunker:process:76 - Added contextual headers to 2 chunks for dataset.jsonl
2026-08-01 11:45:20 | INFO     | banking_rag.chunking.chunker:chunk_document:94 - Chunked document aae946d9-6aee-4186-9326-7ecff069364d into 2 text chunks.
2026-08-01 11:45:20 | INFO     | banking_rag.chunking.contextual_chunker:process:76 - Added contextual headers to 2 chunks for dataset.jsonl
2026-08-01 11:45:20 | INFO     | banking_rag.chunking.chunker:chunk_document:94 - Chunked document bada79d2-8f1b-4f3e-bf05-3c85fb4dd9ff into 2 text chunks.
2026-08-01 11:45:20 | INFO     | banking_rag.chunking.contextual_chunker:process:76 - Added contextual headers to 2 chunks for dataset.jsonl
2026-08-01 11:45:20 | INFO     | banking_rag.chunking.chunker:chunk_document:94 - Chunked document 0a2e2490-49f1-477f-8d9d-d9ead6a2b21a into 2 text chunks.
2026-08-01 11:45:20 | INFO     | banking_rag.chunking.contextual_chunker:process:76 - Added contextual headers to 2 chunks for dataset.jsonl
2026-08-01 11:45:20 | INFO     | banking_rag.chunking.chunker:chunk_document:94 - Chunked document 3cc1dd90-5740-4100-8104-97ad9f3f8802 into 2 text chunks.
2026-08-01 11:45:20 | INFO     | banking_rag.chunking.contextual_chunker:process:76 - Added contextual headers to 2 chunks for dataset.jsonl
2026-08-01 11:45:20 | INFO     | banking_rag.chunking.chunker:chunk_document:94 - Chunked document cd3d8f61-dc77-4623-aa17-ece13d5b4f16 into 2 text chunks.
2026-08-01 11:45:20 | INFO     | banking_rag.chunking.contextual_chunker:process:76 - Added contextual headers to 2 chunks for dataset.jsonl
2026-08-01 11:45:20 | INFO     | banking_rag.chunking.chunker:chunk_document:94 - Chunked document 71d36e92-2a29-4bfb-a3f2-e1ece9662823 into 2 text chunks.
2026-08-01 11:45:20 | INFO     | banking_rag.chunking.contextual_chunker:process:76 - Added contextual headers to 2 chunks for dataset.jsonl
2026-08-01 11:45:20 | INFO     | banking_rag.chunking.chunker:chunk_document:94 - Chunked document 517a41e3-8d6d-48b9-a52e-8a1160422d74 into 2 text chunks.
2026-08-01 11:45:20 | INFO     | banking_rag.chunking.contextual_chunker:process:76 - Added contextual headers to 2 chunks for dataset.jsonl
2026-08-01 11:45:20 | INFO     | banking_rag.chunking.chunker:chunk_document:94 - Chunked document 3a7f494c-48b8-49ac-8436-14ece4c46082 into 2 text chunks.
2026-08-01 11:45:20 | INFO     | banking_rag.chunking.contextual_chunker:process:76 - Added contextual headers to 2 chunks for dataset.jsonl
2026-08-01 11:45:20 | INFO     | banking_rag.chunking.chunker:chunk_document:94 - Chunked document e5c632de-a587-4dff-8780-c642db1486b3 into 2 text chunks.
2026-08-01 11:45:20 | INFO     | banking_rag.chunking.contextual_chunker:process:76 - Added contextual headers to 2 chunks for dataset.jsonl
2026-08-01 11:45:20 | INFO     | banking_rag.chunking.chunker:chunk_document:94 - Chunked document c821ecd2-7449-4bb8-90c6-cddd83e318da into 2 text chunks.
2026-08-01 11:45:20 | INFO     | banking_rag.chunking.contextual_chunker:process:76 - Added contextual headers to 2 chunks for dataset.jsonl
2026-08-01 11:45:20 | INFO     | banking_rag.chunking.chunker:chunk_document:94 - Chunked document 5ab31604-f7af-4667-939d-9c6ae43c2e2a into 2 text chunks.
2026-08-01 11:45:20 | INFO     | banking_rag.chunking.contextual_chunker:process:76 - Added contextual headers to 2 chunks for dataset.jsonl
2026-08-01 11:45:20 | INFO     | banking_rag.chunking.chunker:chunk_document:94 - Chunked document 7f6ddd73-2e76-4e7c-84fe-767fad0c33a1 into 2 text chunks.
2026-08-01 11:45:20 | INFO     | banking_rag.chunking.contextual_chunker:process:76 - Added contextual headers to 2 chunks for dataset.jsonl
2026-08-01 11:45:20 | INFO     | banking_rag.chunking.chunker:chunk_document:94 - Chunked document 9c9079fb-cfe1-4348-8236-dcd3f53a5d25 into 2 text chunks.
2026-08-01 11:45:20 | INFO     | banking_rag.chunking.contextual_chunker:process:76 - Added contextual headers to 2 chunks for dataset.jsonl
2026-08-01 11:45:20 | INFO     | banking_rag.chunking.chunker:chunk_document:94 - Chunked document 629b48cb-e995-403b-a767-223121b572a8 into 3 text chunks.
2026-08-01 11:45:20 | INFO     | banking_rag.chunking.contextual_chunker:process:76 - Added contextual headers to 3 chunks for dataset.jsonl
2026-08-01 11:45:20 | INFO     | banking_rag.chunking.chunker:chunk_document:94 - Chunked document 84c097aa-f377-4c62-915b-930299b63cad into 2 text chunks.
2026-08-01 11:45:20 | INFO     | banking_rag.chunking.contextual_chunker:process:76 - Added contextual headers to 2 chunks for dataset.jsonl
2026-08-01 11:45:20 | INFO     | banking_rag.chunking.chunker:chunk_document:94 - Chunked document 93ef9286-bca3-47b0-94c9-5ecef7a2d3fa into 2 text chunks.
2026-08-01 11:45:20 | INFO     | banking_rag.chunking.contextual_chunker:process:76 - Added contextual headers to 2 chunks for dataset.jsonl
2026-08-01 11:45:20 | INFO     | banking_rag.chunking.chunker:chunk_document:94 - Chunked document 3f0cae97-1255-49ea-963c-b6966d11babf into 2 text chunks.
2026-08-01 11:45:20 | INFO     | banking_rag.chunking.contextual_chunker:process:76 - Added contextual headers to 2 chunks for dataset.jsonl
2026-08-01 11:45:20 | INFO     | banking_rag.chunking.chunker:chunk_document:94 - Chunked document 24a3f811-4322-4675-9899-f4151d1a9e83 into 2 text chunks.
2026-08-01 11:45:20 | INFO     | banking_rag.chunking.contextual_chunker:process:76 - Added contextual headers to 2 chunks for dataset.jsonl
2026-08-01 11:45:20 | INFO     | banking_rag.chunking.chunker:chunk_document:94 - Chunked document 782969e9-9714-44e6-828a-661129757d2b into 1 text chunks.
2026-08-01 11:45:20 | INFO     | banking_rag.chunking.contextual_chunker:process:76 - Added contextual headers to 1 chunks for dataset.jsonl
2026-08-01 11:45:20 | INFO     | banking_rag.chunking.chunker:chunk_document:94 - Chunked document 8e798183-6618-46ed-a91c-73bad9f71bf8 into 2 text chunks.
2026-08-01 11:45:20 | INFO     | banking_rag.chunking.contextual_chunker:process:76 - Added contextual headers to 2 chunks for dataset.jsonl
2026-08-01 11:45:20 | INFO     | banking_rag.chunking.chunker:chunk_document:94 - Chunked document f9e8ba2b-ab92-4071-b0a2-fea749e50da2 into 2 text chunks.
2026-08-01 11:45:20 | INFO     | banking_rag.chunking.contextual_chunker:process:76 - Added contextual headers to 2 chunks for dataset.jsonl
2026-08-01 11:45:20 | INFO     | banking_rag.chunking.chunker:chunk_document:94 - Chunked document 15570695-f40f-4d7a-abb1-eff8d9f6d139 into 2 text chunks.
2026-08-01 11:45:20 | INFO     | banking_rag.chunking.contextual_chunker:process:76 - Added contextual headers to 2 chunks for dataset.jsonl
2026-08-01 11:45:20 | INFO     | banking_rag.chunking.chunker:chunk_document:94 - Chunked document 13d40575-b272-472f-aa7b-dff62d78fbb7 into 2 text chunks.
2026-08-01 11:45:20 | INFO     | banking_rag.chunking.contextual_chunker:process:76 - Added contextual headers to 2 chunks for dataset.jsonl
2026-08-01 11:45:20 | INFO     | banking_rag.chunking.chunker:chunk_document:94 - Chunked document 9926eff0-5e7d-4b22-83fe-027d91e60e9a into 2 text chunks.
2026-08-01 11:45:20 | INFO     | banking_rag.chunking.contextual_chunker:process:76 - Added contextual headers to 2 chunks for dataset.jsonl
2026-08-01 11:45:20 | INFO     | banking_rag.chunking.chunker:chunk_document:94 - Chunked document 9f8f80bb-a49a-4f3b-9d2a-f52b00c89f29 into 2 text chunks.
2026-08-01 11:45:20 | INFO     | banking_rag.chunking.contextual_chunker:process:76 - Added contextual headers to 2 chunks for dataset.jsonl
2026-08-01 11:45:20 | INFO     | banking_rag.chunking.chunker:chunk_document:94 - Chunked document d8c92960-b756-4cac-9550-f1946458cf3e into 2 text chunks.
2026-08-01 11:45:20 | INFO     | banking_rag.chunking.contextual_chunker:process:76 - Added contextual headers to 2 chunks for dataset.jsonl
2026-08-01 11:45:20 | INFO     | banking_rag.chunking.chunker:chunk_document:94 - Chunked document 5ebaf9c9-a171-47ec-96f6-433331c048a8 into 2 text chunks.
2026-08-01 11:45:20 | INFO     | banking_rag.chunking.contextual_chunker:process:76 - Added contextual headers to 2 chunks for dataset.jsonl
2026-08-01 11:45:20 | INFO     | banking_rag.chunking.chunker:chunk_document:94 - Chunked document c1e829cd-002f-4105-ae49-cb1c54cded27 into 2 text chunks.
2026-08-01 11:45:20 | INFO     | banking_rag.chunking.contextual_chunker:process:76 - Added contextual headers to 2 chunks for dataset.jsonl
2026-08-01 11:45:20 | INFO     | banking_rag.chunking.chunker:chunk_document:94 - Chunked document eda214d1-6797-4d15-8948-2f92195de1ea into 3 text chunks.
2026-08-01 11:45:20 | INFO     | banking_rag.chunking.contextual_chunker:process:76 - Added contextual headers to 3 chunks for dataset.jsonl
2026-08-01 11:45:20 | INFO     | banking_rag.chunking.chunker:chunk_document:94 - Chunked document cf6ce198-ff70-4427-8617-1117060c2947 into 2 text chunks.
2026-08-01 11:45:20 | INFO     | banking_rag.chunking.contextual_chunker:process:76 - Added contextual headers to 2 chunks for dataset.jsonl
2026-08-01 11:45:20 | INFO     | banking_rag.chunking.chunker:chunk_document:94 - Chunked document d502b362-3e51-42cc-9d6d-9759e317abf2 into 8 text chunks.
2026-08-01 11:45:20 | INFO     | banking_rag.chunking.contextual_chunker:process:76 - Added contextual headers to 8 chunks for dataset.jsonl
2026-08-01 11:45:20 | INFO     | banking_rag.chunking.chunker:chunk_document:94 - Chunked document 5a9ca487-4ffd-4f76-aa3f-a478774b9224 into 2 text chunks.
2026-08-01 11:45:20 | INFO     | banking_rag.chunking.contextual_chunker:process:76 - Added contextual headers to 2 chunks for dataset.jsonl
2026-08-01 11:45:20 | INFO     | banking_rag.chunking.chunker:chunk_document:94 - Chunked document 82e00c01-1a31-464c-b934-ae697d696c59 into 6 text chunks.
2026-08-01 11:45:20 | INFO     | banking_rag.chunking.contextual_chunker:process:76 - Added contextual headers to 6 chunks for dataset.jsonl
2026-08-01 11:45:20 | INFO     | banking_rag.chunking.chunker:chunk_document:94 - Chunked document f1dc809a-f5c8-4b88-80d7-57fa3728e759 into 8 text chunks.
2026-08-01 11:45:20 | INFO     | banking_rag.chunking.contextual_chunker:process:76 - Added contextual headers to 8 chunks for dataset.jsonl
2026-08-01 11:45:20 | INFO     | banking_rag.chunking.chunker:chunk_document:94 - Chunked document eb162441-38a1-493d-a3a4-98e9863dc03e into 7 text chunks.
2026-08-01 11:45:20 | INFO     | banking_rag.chunking.contextual_chunker:process:76 - Added contextual headers to 7 chunks for dataset.jsonl
2026-08-01 11:45:20 | INFO     | banking_rag.chunking.chunker:chunk_document:94 - Chunked document 9ecdbfaa-cbef-4b47-a7b1-aa0e15674215 into 5 text chunks.
2026-08-01 11:45:20 | INFO     | banking_rag.chunking.contextual_chunker:process:76 - Added contextual headers to 5 chunks for dataset.jsonl
2026-08-01 11:45:20 | INFO     | banking_rag.chunking.chunker:chunk_document:94 - Chunked document 7d9d581d-7fbd-48b8-bac7-237d73c21282 into 2 text chunks.
2026-08-01 11:45:20 | INFO     | banking_rag.chunking.contextual_chunker:process:76 - Added contextual headers to 2 chunks for dataset.jsonl
2026-08-01 11:45:20 | INFO     | banking_rag.chunking.chunker:chunk_document:94 - Chunked document 497c91e5-8eb6-4eda-8332-eb795e2d196e into 6 text chunks.
2026-08-01 11:45:20 | INFO     | banking_rag.chunking.contextual_chunker:process:76 - Added contextual headers to 6 chunks for dataset.jsonl
2026-08-01 11:45:20 | INFO     | banking_rag.chunking.chunker:chunk_document:94 - Chunked document 4db83fd2-570c-4b04-b007-eea61f8b74f1 into 2 text chunks.
2026-08-01 11:45:20 | INFO     | banking_rag.chunking.contextual_chunker:process:76 - Added contextual headers to 2 chunks for dataset.jsonl
2026-08-01 11:45:20 | INFO     | banking_rag.chunking.chunker:chunk_document:94 - Chunked document 9c3cfd2b-0a62-4ec2-af91-7c6bb6b1d43f into 2 text chunks.
2026-08-01 11:45:20 | INFO     | banking_rag.chunking.contextual_chunker:process:76 - Added contextual headers to 2 chunks for dataset.jsonl
2026-08-01 11:45:20 | INFO     | banking_rag.chunking.chunker:chunk_document:94 - Chunked document f5839d8e-e2ac-4bd5-8854-fecadae56c09 into 5 text chunks.
2026-08-01 11:45:20 | INFO     | banking_rag.chunking.contextual_chunker:process:76 - Added contextual headers to 5 chunks for dataset.jsonl
2026-08-01 11:45:20 | INFO     | banking_rag.chunking.chunker:chunk_document:94 - Chunked document 038323c4-1f85-488b-b191-297d53dc4d9a into 2 text chunks.
2026-08-01 11:45:20 | INFO     | banking_rag.chunking.contextual_chunker:process:76 - Added contextual headers to 2 chunks for dataset.jsonl
2026-08-01 11:45:20 | INFO     | banking_rag.chunking.chunker:chunk_document:94 - Chunked document b6a7e665-691e-4963-84c5-e7e056077ecc into 5 text chunks.
2026-08-01 11:45:20 | INFO     | banking_rag.chunking.contextual_chunker:process:76 - Added contextual headers to 5 chunks for dataset.jsonl
2026-08-01 11:45:20 | INFO     | banking_rag.chunking.chunker:chunk_document:94 - Chunked document b605e804-5daa-43b6-b4f3-01afec939e04 into 2 text chunks.
2026-08-01 11:45:20 | INFO     | banking_rag.chunking.contextual_chunker:process:76 - Added contextual headers to 2 chunks for dataset.jsonl
2026-08-01 11:45:20 | INFO     | banking_rag.chunking.chunker:chunk_document:94 - Chunked document c1988c64-f2bb-4675-bf29-d4f0ca52edc3 into 2 text chunks.
2026-08-01 11:45:20 | INFO     | banking_rag.chunking.contextual_chunker:process:76 - Added contextual headers to 2 chunks for dataset.jsonl
2026-08-01 11:45:20 | INFO     | banking_rag.chunking.chunker:chunk_document:94 - Chunked document 44b37351-cf8c-4a76-af5d-4e4c335746cc into 3 text chunks.
2026-08-01 11:45:20 | INFO     | banking_rag.chunking.contextual_chunker:process:76 - Added contextual headers to 3 chunks for dataset.jsonl
2026-08-01 11:45:20 | INFO     | banking_rag.chunking.chunker:chunk_document:94 - Chunked document 9d639f59-47af-49c0-b580-2dd37d5574ab into 2 text chunks.
2026-08-01 11:45:20 | INFO     | banking_rag.chunking.contextual_chunker:process:76 - Added contextual headers to 2 chunks for dataset.jsonl
2026-08-01 11:45:20 | INFO     | banking_rag.chunking.chunker:chunk_document:94 - Chunked document e2575bd2-f84f-4dd3-921f-600233c66d9d into 7 text chunks.
2026-08-01 11:45:20 | INFO     | banking_rag.chunking.contextual_chunker:process:76 - Added contextual headers to 7 chunks for dataset.jsonl
2026-08-01 11:45:20 | INFO     | banking_rag.chunking.chunker:chunk_document:94 - Chunked document 10955210-3222-44ba-b20b-9e5e71eb8144 into 2 text chunks.
2026-08-01 11:45:20 | INFO     | banking_rag.chunking.contextual_chunker:process:76 - Added contextual headers to 2 chunks for dataset.jsonl
2026-08-01 11:45:20 | INFO     | banking_rag.chunking.chunker:chunk_document:94 - Chunked document f074188d-a7d2-46e8-a696-40130e86bcda into 3 text chunks.
2026-08-01 11:45:20 | INFO     | banking_rag.chunking.contextual_chunker:process:76 - Added contextual headers to 3 chunks for dataset.jsonl
2026-08-01 11:45:20 | INFO     | banking_rag.chunking.chunker:chunk_document:94 - Chunked document 4de0581d-3b74-47e5-b587-8a6fa6f26dd4 into 3 text chunks.
2026-08-01 11:45:20 | INFO     | banking_rag.chunking.contextual_chunker:process:76 - Added contextual headers to 3 chunks for dataset.jsonl
2026-08-01 11:45:20 | INFO     | banking_rag.chunking.chunker:chunk_document:94 - Chunked document 060e0b6e-7659-478a-b8e5-e29d7ff0f5f5 into 3 text chunks.
2026-08-01 11:45:20 | INFO     | banking_rag.chunking.contextual_chunker:process:76 - Added contextual headers to 3 chunks for dataset.jsonl
2026-08-01 11:45:20 | INFO     | banking_rag.chunking.chunker:chunk_document:94 - Chunked document c63dcef1-be41-441a-a3f6-b46bd2815f42 into 9 text chunks.
2026-08-01 11:45:20 | INFO     | banking_rag.chunking.contextual_chunker:process:76 - Added contextual headers to 9 chunks for dataset.jsonl
2026-08-01 11:45:20 | INFO     | banking_rag.chunking.chunker:chunk_document:94 - Chunked document c196d9e3-68f6-4398-977b-ba6d6d486a2d into 3 text chunks.
2026-08-01 11:45:20 | INFO     | banking_rag.chunking.contextual_chunker:process:76 - Added contextual headers to 3 chunks for dataset.jsonl
2026-08-01 11:45:20 | INFO     | banking_rag.chunking.chunker:chunk_document:94 - Chunked document d31a5990-0e93-4e2d-9108-0cd426dfe7d7 into 6 text chunks.
2026-08-01 11:45:20 | INFO     | banking_rag.chunking.contextual_chunker:process:76 - Added contextual headers to 6 chunks for dataset.jsonl
2026-08-01 11:45:20 | INFO     | banking_rag.chunking.chunker:chunk_document:94 - Chunked document 8a54ff58-9eea-4c0a-a1a9-37da6ba0c27e into 3 text chunks.
2026-08-01 11:45:20 | INFO     | banking_rag.chunking.contextual_chunker:process:76 - Added contextual headers to 3 chunks for dataset.jsonl
2026-08-01 11:45:20 | INFO     | banking_rag.chunking.chunker:chunk_document:94 - Chunked document 03e101fd-a640-4f01-bbc9-a812ce63fa5d into 3 text chunks.
2026-08-01 11:45:20 | INFO     | banking_rag.chunking.contextual_chunker:process:76 - Added contextual headers to 3 chunks for dataset.jsonl
2026-08-01 11:45:20 | INFO     | banking_rag.chunking.chunker:chunk_document:94 - Chunked document c5b456bf-2868-4f0f-9fdf-29150be6241b into 5 text chunks.
2026-08-01 11:45:20 | INFO     | banking_rag.chunking.contextual_chunker:process:76 - Added contextual headers to 5 chunks for dataset.jsonl
2026-08-01 11:45:20 | INFO     | banking_rag.chunking.chunker:chunk_document:94 - Chunked document b3da21f9-2255-4f6d-ae58-b0911e4fdef1 into 3 text chunks.
2026-08-01 11:45:20 | INFO     | banking_rag.chunking.contextual_chunker:process:76 - Added contextual headers to 3 chunks for dataset.jsonl
2026-08-01 11:45:20 | INFO     | banking_rag.chunking.chunker:chunk_document:94 - Chunked document 0a359021-d0ac-4eb6-bacb-bde9a918ef88 into 6 text chunks.
2026-08-01 11:45:20 | INFO     | banking_rag.chunking.contextual_chunker:process:76 - Added contextual headers to 6 chunks for dataset.jsonl
2026-08-01 11:45:20 | INFO     | banking_rag.chunking.chunker:chunk_document:94 - Chunked document d359c606-ac3c-4aef-b456-724b5c1a1e81 into 4 text chunks.
2026-08-01 11:45:20 | INFO     | banking_rag.chunking.contextual_chunker:process:76 - Added contextual headers to 4 chunks for dataset.jsonl
2026-08-01 11:45:20 | INFO     | banking_rag.chunking.chunker:chunk_document:94 - Chunked document 9c6d8ce9-cf41-45c2-a419-e07293636296 into 2 text chunks.
2026-08-01 11:45:20 | INFO     | banking_rag.chunking.contextual_chunker:process:76 - Added contextual headers to 2 chunks for dataset.jsonl
2026-08-01 11:45:20 | INFO     | banking_rag.chunking.chunker:chunk_document:94 - Chunked document 62d3decc-fbe0-423f-adb7-45b295ea98ab into 7 text chunks.
2026-08-01 11:45:20 | INFO     | banking_rag.chunking.contextual_chunker:process:76 - Added contextual headers to 7 chunks for dataset.jsonl
2026-08-01 11:45:20 | INFO     | banking_rag.chunking.chunker:chunk_document:94 - Chunked document 050c0cff-8e31-4857-9a04-2803c650c689 into 4 text chunks.
2026-08-01 11:45:20 | INFO     | banking_rag.chunking.contextual_chunker:process:76 - Added contextual headers to 4 chunks for dataset.jsonl
2026-08-01 11:45:20 | INFO     | banking_rag.chunking.chunker:chunk_document:94 - Chunked document 906be0fe-201f-4dc2-81ba-097426208c8d into 8 text chunks.
2026-08-01 11:45:20 | INFO     | banking_rag.chunking.contextual_chunker:process:76 - Added contextual headers to 8 chunks for dataset.jsonl
2026-08-01 11:45:20 | INFO     | banking_rag.chunking.chunker:chunk_document:94 - Chunked document c3e1cd38-058c-477e-8d48-7b20c2b8025d into 5 text chunks.
2026-08-01 11:45:20 | INFO     | banking_rag.chunking.contextual_chunker:process:76 - Added contextual headers to 5 chunks for dataset.jsonl
2026-08-01 11:45:20 | INFO     | banking_rag.chunking.chunker:chunk_document:94 - Chunked document 55085f53-afb3-423a-880a-3ff5857e684a into 4 text chunks.
2026-08-01 11:45:20 | INFO     | banking_rag.chunking.contextual_chunker:process:76 - Added contextual headers to 4 chunks for dataset.jsonl
2026-08-01 11:45:20 | INFO     | banking_rag.chunking.chunker:chunk_document:94 - Chunked document 21fc8ece-1335-4dc7-88a7-88475410c5d6 into 3 text chunks.
2026-08-01 11:45:20 | INFO     | banking_rag.chunking.contextual_chunker:process:76 - Added contextual headers to 3 chunks for dataset.jsonl
2026-08-01 11:45:20 | INFO     | banking_rag.chunking.chunker:chunk_document:94 - Chunked document d3d8d881-47d4-4b0d-a019-e22dee67b0d5 into 6 text chunks.
2026-08-01 11:45:20 | INFO     | banking_rag.chunking.contextual_chunker:process:76 - Added contextual headers to 6 chunks for dataset.jsonl
2026-08-01 11:45:20 | INFO     | banking_rag.chunking.chunker:chunk_document:94 - Chunked document e34815a3-aed3-4d4d-ae18-18560d61a240 into 6 text chunks.
2026-08-01 11:45:20 | INFO     | banking_rag.chunking.contextual_chunker:process:76 - Added contextual headers to 6 chunks for dataset.jsonl
2026-08-01 11:45:20 | INFO     | banking_rag.chunking.chunker:chunk_document:94 - Chunked document c2d7da21-2268-4e33-af1c-72ca3e6b218b into 5 text chunks.
2026-08-01 11:45:20 | INFO     | banking_rag.chunking.contextual_chunker:process:76 - Added contextual headers to 5 chunks for dataset.jsonl
2026-08-01 11:45:20 | INFO     | banking_rag.chunking.chunker:chunk_document:94 - Chunked document fea1aa40-f771-4f4c-8873-6c5cdcd2a8ef into 7 text chunks.
2026-08-01 11:45:20 | INFO     | banking_rag.chunking.contextual_chunker:process:76 - Added contextual headers to 7 chunks for dataset.jsonl
2026-08-01 11:45:20 | INFO     | banking_rag.chunking.chunker:chunk_document:94 - Chunked document e845dda1-2100-4286-9168-fcbc574bc11c into 5 text chunks.
2026-08-01 11:45:20 | INFO     | banking_rag.chunking.contextual_chunker:process:76 - Added contextual headers to 5 chunks for dataset.jsonl
2026-08-01 11:45:20 | INFO     | banking_rag.chunking.chunker:chunk_document:94 - Chunked document dc963a0d-5ec8-42fa-b520-e8dcadf7b430 into 6 text chunks.
2026-08-01 11:45:20 | INFO     | banking_rag.chunking.contextual_chunker:process:76 - Added contextual headers to 6 chunks for dataset.jsonl
2026-08-01 11:45:20 | INFO     | banking_rag.chunking.chunker:chunk_document:94 - Chunked document a62efc02-fa8d-4bc5-b55b-8dde1ed33c73 into 7 text chunks.
2026-08-01 11:45:20 | INFO     | banking_rag.chunking.contextual_chunker:process:76 - Added contextual headers to 7 chunks for dataset.jsonl
2026-08-01 11:45:20 | INFO     | banking_rag.chunking.chunker:chunk_document:94 - Chunked document 48a10e9e-a9fd-413f-af91-af409c3de557 into 4 text chunks.
2026-08-01 11:45:20 | INFO     | banking_rag.chunking.contextual_chunker:process:76 - Added contextual headers to 4 chunks for dataset.jsonl
2026-08-01 11:45:20 | INFO     | banking_rag.chunking.chunker:chunk_document:94 - Chunked document 4e94cfdd-2e8a-4a72-a94f-00eb0d12ca1a into 6 text chunks.
2026-08-01 11:45:20 | INFO     | banking_rag.chunking.contextual_chunker:process:76 - Added contextual headers to 6 chunks for dataset.jsonl
2026-08-01 11:45:20 | INFO     | banking_rag.chunking.chunker:chunk_document:94 - Chunked document e73f1949-e8fe-4746-8136-16aab4ec40dc into 5 text chunks.
2026-08-01 11:45:20 | INFO     | banking_rag.chunking.contextual_chunker:process:76 - Added contextual headers to 5 chunks for dataset.jsonl
2026-08-01 11:45:20 | INFO     | banking_rag.chunking.chunker:chunk_document:94 - Chunked document 0365590e-9e42-4c08-8d63-f1bc18b6a665 into 5 text chunks.
2026-08-01 11:45:20 | INFO     | banking_rag.chunking.contextual_chunker:process:76 - Added contextual headers to 5 chunks for dataset.jsonl
2026-08-01 11:45:20 | INFO     | banking_rag.chunking.chunker:chunk_document:94 - Chunked document 99aa5aa8-f8c1-4de1-8777-e5b31ddd6f5f into 4 text chunks.
2026-08-01 11:45:20 | INFO     | banking_rag.chunking.contextual_chunker:process:76 - Added contextual headers to 4 chunks for dataset.jsonl
2026-08-01 11:45:20 | INFO     | banking_rag.chunking.chunker:chunk_document:94 - Chunked document 8026cb0b-9252-474f-94c1-4b1fab5f5380 into 5 text chunks.
2026-08-01 11:45:20 | INFO     | banking_rag.chunking.contextual_chunker:process:76 - Added contextual headers to 5 chunks for dataset.jsonl
2026-08-01 11:45:20 | INFO     | banking_rag.chunking.chunker:chunk_document:94 - Chunked document 05fde637-e97a-4b15-977a-18de7c508123 into 6 text chunks.
2026-08-01 11:45:20 | INFO     | banking_rag.chunking.contextual_chunker:process:76 - Added contextual headers to 6 chunks for dataset.jsonl
2026-08-01 11:45:20 | INFO     | banking_rag.chunking.chunker:chunk_document:94 - Chunked document 654a3b30-4b37-4367-bc2a-65368a141559 into 6 text chunks.
2026-08-01 11:45:20 | INFO     | banking_rag.chunking.contextual_chunker:process:76 - Added contextual headers to 6 chunks for dataset.jsonl
2026-08-01 11:45:20 | INFO     | banking_rag.chunking.chunker:chunk_document:94 - Chunked document 91ea1027-dc1b-4d12-a94c-c1d406150511 into 8 text chunks.
2026-08-01 11:45:20 | INFO     | banking_rag.chunking.contextual_chunker:process:76 - Added contextual headers to 8 chunks for dataset.jsonl
2026-08-01 11:45:20 | INFO     | banking_rag.chunking.chunker:chunk_document:94 - Chunked document 17d82ad1-fc65-4939-a8e3-57ec6346d189 into 3 text chunks.
2026-08-01 11:45:20 | INFO     | banking_rag.chunking.contextual_chunker:process:76 - Added contextual headers to 3 chunks for dataset.jsonl
2026-08-01 11:45:20 | INFO     | banking_rag.chunking.chunker:chunk_document:94 - Chunked document 25eb1493-259d-40ef-9494-7aa96fb63cf1 into 4 text chunks.
2026-08-01 11:45:20 | INFO     | banking_rag.chunking.contextual_chunker:process:76 - Added contextual headers to 4 chunks for dataset.jsonl
2026-08-01 11:45:20 | INFO     | banking_rag.chunking.chunker:chunk_document:94 - Chunked document 384da7df-8cbd-4521-832d-54c3875c13bc into 7 text chunks.
2026-08-01 11:45:20 | INFO     | banking_rag.chunking.contextual_chunker:process:76 - Added contextual headers to 7 chunks for dataset.jsonl
2026-08-01 11:45:20 | INFO     | banking_rag.chunking.chunker:chunk_document:94 - Chunked document ad1a21aa-1873-4f6a-9fdd-0efb6c774765 into 6 text chunks.
2026-08-01 11:45:20 | INFO     | banking_rag.chunking.contextual_chunker:process:76 - Added contextual headers to 6 chunks for dataset.jsonl
2026-08-01 11:45:20 | INFO     | banking_rag.chunking.chunker:chunk_document:94 - Chunked document 5270b429-fed5-4478-91b1-48b944c05dc6 into 9 text chunks.
2026-08-01 11:45:20 | INFO     | banking_rag.chunking.contextual_chunker:process:76 - Added contextual headers to 9 chunks for dataset.jsonl
2026-08-01 11:45:20 | INFO     | banking_rag.chunking.chunker:chunk_document:94 - Chunked document 503b1a4a-e550-4db9-9964-da7bc7973869 into 4 text chunks.
2026-08-01 11:45:20 | INFO     | banking_rag.chunking.contextual_chunker:process:76 - Added contextual headers to 4 chunks for dataset.jsonl
2026-08-01 11:45:20 | INFO     | banking_rag.chunking.chunker:chunk_document:94 - Chunked document 20582168-aa37-4d92-9fcd-83c97bb6163f into 8 text chunks.
2026-08-01 11:45:20 | INFO     | banking_rag.chunking.contextual_chunker:process:76 - Added contextual headers to 8 chunks for dataset.jsonl
2026-08-01 11:45:20 | INFO     | banking_rag.chunking.chunker:chunk_document:94 - Chunked document b39d7cf5-d69a-4c40-adb7-7aa658f8bf7c into 3 text chunks.
2026-08-01 11:45:20 | INFO     | banking_rag.chunking.contextual_chunker:process:76 - Added contextual headers to 3 chunks for dataset.jsonl
2026-08-01 11:45:20 | INFO     | banking_rag.chunking.chunker:chunk_document:94 - Chunked document f3a0c6f7-f8dd-4675-9095-7016a14ea6a4 into 6 text chunks.
2026-08-01 11:45:20 | INFO     | banking_rag.chunking.contextual_chunker:process:76 - Added contextual headers to 6 chunks for dataset.jsonl
2026-08-01 11:45:20 | INFO     | banking_rag.chunking.chunker:chunk_document:94 - Chunked document 13496383-057d-438a-83ba-251900a9fe47 into 3 text chunks.
2026-08-01 11:45:20 | INFO     | banking_rag.chunking.contextual_chunker:process:76 - Added contextual headers to 3 chunks for dataset.jsonl
2026-08-01 11:45:20 | INFO     | banking_rag.chunking.chunker:chunk_document:94 - Chunked document 2e74f450-8df1-4e64-9d17-c07c3e74923a into 3 text chunks.
2026-08-01 11:45:20 | INFO     | banking_rag.chunking.contextual_chunker:process:76 - Added contextual headers to 3 chunks for dataset.jsonl
2026-08-01 11:45:20 | INFO     | banking_rag.chunking.chunker:chunk_document:94 - Chunked document 984c0ac8-1425-423b-81bc-73f2244bf131 into 2 text chunks.
2026-08-01 11:45:20 | INFO     | banking_rag.chunking.contextual_chunker:process:76 - Added contextual headers to 2 chunks for dataset.jsonl
2026-08-01 11:45:20 | INFO     | banking_rag.chunking.chunker:chunk_document:94 - Chunked document 908f20c1-9717-4208-a9ff-6de82fac0e81 into 5 text chunks.
2026-08-01 11:45:20 | INFO     | banking_rag.chunking.contextual_chunker:process:76 - Added contextual headers to 5 chunks for dataset.jsonl
2026-08-01 11:45:20 | INFO     | banking_rag.chunking.chunker:chunk_document:94 - Chunked document 91f8fab4-7f79-44e3-b784-d5ef546ff1ad into 5 text chunks.
2026-08-01 11:45:20 | INFO     | banking_rag.chunking.contextual_chunker:process:76 - Added contextual headers to 5 chunks for dataset.jsonl
2026-08-01 11:45:20 | INFO     | banking_rag.chunking.chunker:chunk_document:94 - Chunked document a04fcdca-a1a2-4ee7-b9c9-5e926559bc69 into 2 text chunks.
2026-08-01 11:45:20 | INFO     | banking_rag.chunking.contextual_chunker:process:76 - Added contextual headers to 2 chunks for dataset.jsonl
2026-08-01 11:45:20 | INFO     | banking_rag.chunking.chunker:chunk_document:94 - Chunked document 8f47ee00-1118-4067-9130-1c0360c678c7 into 2 text chunks.
2026-08-01 11:45:20 | INFO     | banking_rag.chunking.contextual_chunker:process:76 - Added contextual headers to 2 chunks for dataset.jsonl
2026-08-01 11:45:20 | INFO     | banking_rag.chunking.chunker:chunk_document:94 - Chunked document 2e068829-ada6-4cd7-8b62-ffa6235025f8 into 2 text chunks.
2026-08-01 11:45:20 | INFO     | banking_rag.chunking.contextual_chunker:process:76 - Added contextual headers to 2 chunks for dataset.jsonl
2026-08-01 11:45:20 | INFO     | banking_rag.chunking.chunker:chunk_document:94 - Chunked document 2629b99a-e4bd-4e9b-aa4c-850877134814 into 2 text chunks.
2026-08-01 11:45:20 | INFO     | banking_rag.chunking.contextual_chunker:process:76 - Added contextual headers to 2 chunks for dataset.jsonl
2026-08-01 11:45:20 | INFO     | banking_rag.chunking.chunker:chunk_document:94 - Chunked document 00ec560c-16fe-4585-9658-4004d43e336e into 2 text chunks.
2026-08-01 11:45:20 | INFO     | banking_rag.chunking.contextual_chunker:process:76 - Added contextual headers to 2 chunks for dataset.jsonl
2026-08-01 11:45:20 | INFO     | banking_rag.chunking.chunker:chunk_document:94 - Chunked document a8500ab9-8d38-4c31-9d6d-0d1bd3a273b2 into 4 text chunks.
2026-08-01 11:45:20 | INFO     | banking_rag.chunking.contextual_chunker:process:76 - Added contextual headers to 4 chunks for dataset.jsonl
2026-08-01 11:45:20 | INFO     | banking_rag.chunking.chunker:chunk_document:94 - Chunked document 4c8e5ff6-35b9-4236-8aff-43db50268518 into 6 text chunks.
2026-08-01 11:45:20 | INFO     | banking_rag.chunking.contextual_chunker:process:76 - Added contextual headers to 6 chunks for dataset.jsonl
2026-08-01 11:45:20 | INFO     | banking_rag.chunking.chunker:chunk_document:94 - Chunked document 0af7de7f-e55e-4098-a15e-6476587a73ff into 2 text chunks.
2026-08-01 11:45:20 | INFO     | banking_rag.chunking.contextual_chunker:process:76 - Added contextual headers to 2 chunks for dataset.jsonl
2026-08-01 11:45:20 | INFO     | banking_rag.chunking.chunker:chunk_document:94 - Chunked document a0fe06a9-83a0-4df5-b95f-00353718be1f into 8 text chunks.
2026-08-01 11:45:20 | INFO     | banking_rag.chunking.contextual_chunker:process:76 - Added contextual headers to 8 chunks for dataset.jsonl
2026-08-01 11:45:20 | INFO     | banking_rag.chunking.chunker:chunk_document:94 - Chunked document 8ae7188e-7083-44eb-869c-f75c4ca3fe25 into 6 text chunks.
2026-08-01 11:45:20 | INFO     | banking_rag.chunking.contextual_chunker:process:76 - Added contextual headers to 6 chunks for dataset.jsonl
2026-08-01 11:45:20 | INFO     | banking_rag.chunking.chunker:chunk_document:94 - Chunked document d0a1638e-3546-44ff-b4c5-a0e7af089bf6 into 4 text chunks.
2026-08-01 11:45:20 | INFO     | banking_rag.chunking.contextual_chunker:process:76 - Added contextual headers to 4 chunks for dataset.jsonl
2026-08-01 11:45:20 | INFO     | banking_rag.chunking.chunker:chunk_document:94 - Chunked document 3e850cd5-92aa-4127-9636-6ca05cc877e5 into 3 text chunks.
2026-08-01 11:45:20 | INFO     | banking_rag.chunking.contextual_chunker:process:76 - Added contextual headers to 3 chunks for dataset.jsonl
2026-08-01 11:45:20 | INFO     | banking_rag.chunking.chunker:chunk_document:94 - Chunked document edf51e55-adb0-4a7a-8c62-d95989bf144f into 3 text chunks.
2026-08-01 11:45:20 | INFO     | banking_rag.chunking.contextual_chunker:process:76 - Added contextual headers to 3 chunks for dataset.jsonl
2026-08-01 11:45:20 | INFO     | banking_rag.chunking.chunker:chunk_document:94 - Chunked document 2ab74d7d-e083-4492-904a-ee0a26bff857 into 6 text chunks.
2026-08-01 11:45:20 | INFO     | banking_rag.chunking.contextual_chunker:process:76 - Added contextual headers to 6 chunks for dataset.jsonl
2026-08-01 11:45:20 | INFO     | banking_rag.chunking.chunker:chunk_document:94 - Chunked document ece9857f-a620-453b-9463-5578f9edbbdb into 5 text chunks.
2026-08-01 11:45:20 | INFO     | banking_rag.chunking.contextual_chunker:process:76 - Added contextual headers to 5 chunks for dataset.jsonl
2026-08-01 11:45:20 | INFO     | banking_rag.chunking.chunker:chunk_document:94 - Chunked document f3c005ff-91e3-4bd6-9ed6-ef9b799b2cc1 into 6 text chunks.
2026-08-01 11:45:20 | INFO     | banking_rag.chunking.contextual_chunker:process:76 - Added contextual headers to 6 chunks for dataset.jsonl
2026-08-01 11:45:20 | INFO     | banking_rag.chunking.chunker:chunk_document:94 - Chunked document b5a05d62-c82c-41d8-a933-9a6744bdc47d into 6 text chunks.
2026-08-01 11:45:20 | INFO     | banking_rag.chunking.contextual_chunker:process:76 - Added contextual headers to 6 chunks for dataset.jsonl
2026-08-01 11:45:20 | INFO     | banking_rag.chunking.chunker:chunk_document:94 - Chunked document d5372955-b031-4531-bd5e-f9b0e5c94165 into 4 text chunks.
2026-08-01 11:45:20 | INFO     | banking_rag.chunking.contextual_chunker:process:76 - Added contextual headers to 4 chunks for dataset.jsonl
2026-08-01 11:45:20 | INFO     | banking_rag.chunking.chunker:chunk_document:94 - Chunked document 78994ee4-a464-4382-9046-26f3f48dfa10 into 5 text chunks.
2026-08-01 11:45:20 | INFO     | banking_rag.chunking.contextual_chunker:process:76 - Added contextual headers to 5 chunks for dataset.jsonl
2026-08-01 11:45:20 | INFO     | banking_rag.chunking.chunker:chunk_document:94 - Chunked document efaf0524-ba85-4c46-b9cb-2e6d84fcad0c into 6 text chunks.
2026-08-01 11:45:20 | INFO     | banking_rag.chunking.contextual_chunker:process:76 - Added contextual headers to 6 chunks for dataset.jsonl
2026-08-01 11:45:20 | INFO     | banking_rag.chunking.chunker:chunk_document:94 - Chunked document a4026536-e4d1-4fc1-b461-5321bc89ab18 into 6 text chunks.
2026-08-01 11:45:20 | INFO     | banking_rag.chunking.contextual_chunker:process:76 - Added contextual headers to 6 chunks for dataset.jsonl
2026-08-01 11:45:20 | INFO     | banking_rag.chunking.chunker:chunk_document:94 - Chunked document fec3f51b-1794-4980-9b18-bede74c6b0af into 5 text chunks.
2026-08-01 11:45:20 | INFO     | banking_rag.chunking.contextual_chunker:process:76 - Added contextual headers to 5 chunks for dataset.jsonl
2026-08-01 11:45:20 | INFO     | banking_rag.chunking.chunker:chunk_document:94 - Chunked document 21cc3d77-e0fd-401c-80e7-c7291168f792 into 5 text chunks.
2026-08-01 11:45:20 | INFO     | banking_rag.chunking.contextual_chunker:process:76 - Added contextual headers to 5 chunks for dataset.jsonl
2026-08-01 11:45:20 | INFO     | banking_rag.chunking.chunker:chunk_document:94 - Chunked document d8244401-ddb7-41d1-82e9-3ec14b6a8b3f into 6 text chunks.
2026-08-01 11:45:20 | INFO     | banking_rag.chunking.contextual_chunker:process:76 - Added contextual headers to 6 chunks for dataset.jsonl
2026-08-01 11:45:20 | INFO     | banking_rag.chunking.chunker:chunk_document:94 - Chunked document 37a45679-02a5-4c8e-a69e-8286829b898a into 5 text chunks.
2026-08-01 11:45:20 | INFO     | banking_rag.chunking.contextual_chunker:process:76 - Added contextual headers to 5 chunks for dataset.jsonl
2026-08-01 11:45:20 | INFO     | banking_rag.chunking.chunker:chunk_document:94 - Chunked document 9b821303-a59f-46b3-a158-32d106aa751d into 5 text chunks.
2026-08-01 11:45:20 | INFO     | banking_rag.chunking.contextual_chunker:process:76 - Added contextual headers to 5 chunks for dataset.jsonl
2026-08-01 11:45:20 | INFO     | banking_rag.chunking.chunker:chunk_document:94 - Chunked document fd6236e2-460d-4fd5-aab7-00d731d3b599 into 6 text chunks.
2026-08-01 11:45:20 | INFO     | banking_rag.chunking.contextual_chunker:process:76 - Added contextual headers to 6 chunks for dataset.jsonl
2026-08-01 11:45:20 | INFO     | banking_rag.chunking.chunker:chunk_document:94 - Chunked document 45639bcb-5bce-43d5-b2d5-63bcfc608af8 into 6 text chunks.
2026-08-01 11:45:20 | INFO     | banking_rag.chunking.contextual_chunker:process:76 - Added contextual headers to 6 chunks for dataset.jsonl
2026-08-01 11:45:20 | INFO     | banking_rag.chunking.chunker:chunk_document:94 - Chunked document 16a54bca-8ffb-45f9-9262-955b34a37bc5 into 6 text chunks.
2026-08-01 11:45:20 | INFO     | banking_rag.chunking.contextual_chunker:process:76 - Added contextual headers to 6 chunks for dataset.jsonl
2026-08-01 11:45:20 | INFO     | banking_rag.chunking.chunker:chunk_document:94 - Chunked document 69efaef0-4d35-4658-b4e1-2a6f1b4c31ad into 5 text chunks.
2026-08-01 11:45:20 | INFO     | banking_rag.chunking.contextual_chunker:process:76 - Added contextual headers to 5 chunks for dataset.jsonl
2026-08-01 11:45:20 | INFO     | banking_rag.chunking.chunker:chunk_document:94 - Chunked document 5217e4c0-3ec4-4f6f-bf4c-4648141da52c into 3 text chunks.
2026-08-01 11:45:20 | INFO     | banking_rag.chunking.contextual_chunker:process:76 - Added contextual headers to 3 chunks for dataset.jsonl
2026-08-01 11:45:20 | INFO     | banking_rag.chunking.chunker:chunk_document:94 - Chunked document 134fc569-4523-4c0e-9bac-b10170d28a45 into 2 text chunks.
2026-08-01 11:45:20 | INFO     | banking_rag.chunking.contextual_chunker:process:76 - Added contextual headers to 2 chunks for dataset.jsonl
2026-08-01 11:45:20 | INFO     | banking_rag.chunking.chunker:chunk_document:94 - Chunked document 460252b3-2a23-4e53-a8ea-9cf8351f58f2 into 6 text chunks.
2026-08-01 11:45:20 | INFO     | banking_rag.chunking.contextual_chunker:process:76 - Added contextual headers to 6 chunks for dataset.jsonl
2026-08-01 11:45:20 | INFO     | banking_rag.chunking.chunker:chunk_document:94 - Chunked document 848d1af2-48a6-476a-8a7f-9e3b586c50d4 into 7 text chunks.
2026-08-01 11:45:20 | INFO     | banking_rag.chunking.contextual_chunker:process:76 - Added contextual headers to 7 chunks for dataset.jsonl
2026-08-01 11:45:20 | INFO     | banking_rag.chunking.chunker:chunk_document:94 - Chunked document dad00a09-d388-46f0-8626-c572a6f12e33 into 9 text chunks.
2026-08-01 11:45:20 | INFO     | banking_rag.chunking.contextual_chunker:process:76 - Added contextual headers to 9 chunks for dataset.jsonl
2026-08-01 11:45:20 | INFO     | banking_rag.chunking.chunker:chunk_document:94 - Chunked document 2bb7327b-52fd-4b7e-9da6-0a75caf4eba9 into 4 text chunks.
2026-08-01 11:45:20 | INFO     | banking_rag.chunking.contextual_chunker:process:76 - Added contextual headers to 4 chunks for dataset.jsonl
2026-08-01 11:45:20 | INFO     | banking_rag.chunking.chunker:chunk_document:94 - Chunked document ed09dfd8-7fe3-413b-b46f-af67db0e5eeb into 7 text chunks.
2026-08-01 11:45:20 | INFO     | banking_rag.chunking.contextual_chunker:process:76 - Added contextual headers to 7 chunks for dataset.jsonl
2026-08-01 11:45:20 | INFO     | banking_rag.chunking.chunker:chunk_document:94 - Chunked document 414c684d-5627-4aa6-af10-4f776ac24c54 into 5 text chunks.
2026-08-01 11:45:20 | INFO     | banking_rag.chunking.contextual_chunker:process:76 - Added contextual headers to 5 chunks for dataset.jsonl
2026-08-01 11:45:20 | INFO     | banking_rag.chunking.chunker:chunk_document:94 - Chunked document 3feab92c-a8ea-44b4-850c-530bbb31d694 into 6 text chunks.
2026-08-01 11:45:20 | INFO     | banking_rag.chunking.contextual_chunker:process:76 - Added contextual headers to 6 chunks for dataset.jsonl
2026-08-01 11:45:20 | INFO     | banking_rag.chunking.chunker:chunk_document:94 - Chunked document 44c91b55-3d1b-48c4-b8a3-0b1537dfaf53 into 3 text chunks.
2026-08-01 11:45:20 | INFO     | banking_rag.chunking.contextual_chunker:process:76 - Added contextual headers to 3 chunks for dataset.jsonl
2026-08-01 11:45:20 | INFO     | banking_rag.chunking.chunker:chunk_document:94 - Chunked document cc4c2cd5-69c7-47a1-9103-144f9486a52c into 3 text chunks.
2026-08-01 11:45:20 | INFO     | banking_rag.chunking.contextual_chunker:process:76 - Added contextual headers to 3 chunks for dataset.jsonl
2026-08-01 11:45:20 | INFO     | banking_rag.chunking.chunker:chunk_document:94 - Chunked document 39ad8e29-f390-4912-bb95-38af60a03073 into 6 text chunks.
2026-08-01 11:45:20 | INFO     | banking_rag.chunking.contextual_chunker:process:76 - Added contextual headers to 6 chunks for dataset.jsonl
2026-08-01 11:45:20 | INFO     | banking_rag.chunking.chunker:chunk_document:94 - Chunked document 3e8001c3-09be-4503-a033-19153f82b220 into 2 text chunks.
2026-08-01 11:45:20 | INFO     | banking_rag.chunking.contextual_chunker:process:76 - Added contextual headers to 2 chunks for dataset.jsonl
2026-08-01 11:45:20 | INFO     | banking_rag.chunking.chunker:chunk_document:94 - Chunked document 23323916-f098-4e1c-afaf-37bdb6e423d6 into 2 text chunks.
2026-08-01 11:45:20 | INFO     | banking_rag.chunking.contextual_chunker:process:76 - Added contextual headers to 2 chunks for dataset.jsonl
2026-08-01 11:45:20 | INFO     | banking_rag.chunking.chunker:chunk_document:94 - Chunked document 09d8c6a1-db11-4ab5-ab45-f7dc37222cc6 into 4 text chunks.
2026-08-01 11:45:20 | INFO     | banking_rag.chunking.contextual_chunker:process:76 - Added contextual headers to 4 chunks for dataset.jsonl
2026-08-01 11:45:20 | INFO     | banking_rag.chunking.chunker:chunk_document:94 - Chunked document 7d7955f7-ff9e-4b60-a466-b12408aceabf into 2 text chunks.
2026-08-01 11:45:20 | INFO     | banking_rag.chunking.contextual_chunker:process:76 - Added contextual headers to 2 chunks for dataset.jsonl
2026-08-01 11:45:20 | INFO     | banking_rag.chunking.chunker:chunk_document:94 - Chunked document 2fba42a8-b8f6-4bee-8f7b-5e33d42b011e into 7 text chunks.
2026-08-01 11:45:20 | INFO     | banking_rag.chunking.contextual_chunker:process:76 - Added contextual headers to 7 chunks for dataset.jsonl
2026-08-01 11:45:20 | INFO     | banking_rag.chunking.chunker:chunk_document:94 - Chunked document 936fae50-0bc1-47ad-a54c-721174d7e54a into 2 text chunks.
2026-08-01 11:45:20 | INFO     | banking_rag.chunking.contextual_chunker:process:76 - Added contextual headers to 2 chunks for dataset.jsonl
2026-08-01 11:45:20 | INFO     | banking_rag.chunking.chunker:chunk_document:94 - Chunked document 896dc4f7-510e-45c7-9c7b-6c3e9e0b7fe5 into 3 text chunks.
2026-08-01 11:45:20 | INFO     | banking_rag.chunking.contextual_chunker:process:76 - Added contextual headers to 3 chunks for dataset.jsonl
2026-08-01 11:45:20 | INFO     | banking_rag.chunking.chunker:chunk_document:94 - Chunked document 5f67acf3-103c-4867-b646-c97f83ebd232 into 3 text chunks.
2026-08-01 11:45:20 | INFO     | banking_rag.chunking.contextual_chunker:process:76 - Added contextual headers to 3 chunks for dataset.jsonl
2026-08-01 11:45:20 | INFO     | banking_rag.chunking.chunker:chunk_document:94 - Chunked document 78618472-dba1-4683-b67a-e694da963d04 into 3 text chunks.
2026-08-01 11:45:20 | INFO     | banking_rag.chunking.contextual_chunker:process:76 - Added contextual headers to 3 chunks for dataset.jsonl
2026-08-01 11:45:20 | INFO     | banking_rag.chunking.chunker:chunk_document:94 - Chunked document e2e69704-7d4d-48cf-a8cf-d3a8a8d281b1 into 9 text chunks.
2026-08-01 11:45:20 | INFO     | banking_rag.chunking.contextual_chunker:process:76 - Added contextual headers to 9 chunks for dataset.jsonl
2026-08-01 11:45:20 | INFO     | banking_rag.chunking.chunker:chunk_document:94 - Chunked document 8bd94106-369d-4ec6-a9cf-aae5b7d4c87c into 3 text chunks.
2026-08-01 11:45:20 | INFO     | banking_rag.chunking.contextual_chunker:process:76 - Added contextual headers to 3 chunks for dataset.jsonl
2026-08-01 11:45:20 | INFO     | banking_rag.chunking.chunker:chunk_document:94 - Chunked document 3d986017-61ac-4daf-ada0-0b562e4dc070 into 7 text chunks.
2026-08-01 11:45:20 | INFO     | banking_rag.chunking.contextual_chunker:process:76 - Added contextual headers to 7 chunks for dataset.jsonl
2026-08-01 11:45:20 | INFO     | banking_rag.chunking.chunker:chunk_document:94 - Chunked document 2e4d7212-9951-4a54-be9e-6a246ad14430 into 4 text chunks.
2026-08-01 11:45:20 | INFO     | banking_rag.chunking.contextual_chunker:process:76 - Added contextual headers to 4 chunks for dataset.jsonl
2026-08-01 11:45:20 | INFO     | banking_rag.chunking.chunker:chunk_document:94 - Chunked document 65869d8d-d6de-43dd-81aa-6120984fe9b8 into 3 text chunks.
2026-08-01 11:45:20 | INFO     | banking_rag.chunking.contextual_chunker:process:76 - Added contextual headers to 3 chunks for dataset.jsonl
2026-08-01 11:45:20 | INFO     | banking_rag.chunking.chunker:chunk_document:94 - Chunked document 602a2563-f161-4b0f-8710-2b330b94abff into 2 text chunks.
2026-08-01 11:45:20 | INFO     | banking_rag.chunking.contextual_chunker:process:76 - Added contextual headers to 2 chunks for dataset.jsonl
2026-08-01 11:45:20 | INFO     | banking_rag.chunking.chunker:chunk_document:94 - Chunked document 1f4b162f-45e9-49c1-89d7-43a053ca93cc into 5 text chunks.
2026-08-01 11:45:20 | INFO     | banking_rag.chunking.contextual_chunker:process:76 - Added contextual headers to 5 chunks for dataset.jsonl
2026-08-01 11:45:20 | INFO     | banking_rag.chunking.chunker:chunk_document:94 - Chunked document 5cb65f1f-4e9e-4b37-87b4-ac7dc5ea8c6f into 3 text chunks.
2026-08-01 11:45:20 | INFO     | banking_rag.chunking.contextual_chunker:process:76 - Added contextual headers to 3 chunks for dataset.jsonl
2026-08-01 11:45:20 | INFO     | banking_rag.chunking.chunker:chunk_document:94 - Chunked document 1572fbd1-e94f-42ea-9794-e55585dbd6b7 into 4 text chunks.
2026-08-01 11:45:20 | INFO     | banking_rag.chunking.contextual_chunker:process:76 - Added contextual headers to 4 chunks for dataset.jsonl
2026-08-01 11:45:20 | INFO     | banking_rag.chunking.chunker:chunk_document:94 - Chunked document 8637c39f-4d29-4621-8487-87774bd61fe2 into 5 text chunks.
2026-08-01 11:45:20 | INFO     | banking_rag.chunking.contextual_chunker:process:76 - Added contextual headers to 5 chunks for dataset.jsonl
2026-08-01 11:45:20 | INFO     | banking_rag.chunking.chunker:chunk_document:94 - Chunked document 7bf1b467-7f21-4d14-a595-0e5dcbb2924b into 2 text chunks.
2026-08-01 11:45:20 | INFO     | banking_rag.chunking.contextual_chunker:process:76 - Added contextual headers to 2 chunks for dataset.jsonl
2026-08-01 11:45:20 | INFO     | banking_rag.chunking.chunker:chunk_document:94 - Chunked document 7ba80c93-3ff1-4c7f-a11d-f101edc9b0c6 into 2 text chunks.
2026-08-01 11:45:20 | INFO     | banking_rag.chunking.contextual_chunker:process:76 - Added contextual headers to 2 chunks for dataset.jsonl
2026-08-01 11:45:20 | INFO     | banking_rag.chunking.chunker:chunk_document:94 - Chunked document 47ee3df8-f010-4d06-a4c6-6222ea7c52cb into 2 text chunks.
2026-08-01 11:45:20 | INFO     | banking_rag.chunking.contextual_chunker:process:76 - Added contextual headers to 2 chunks for dataset.jsonl
2026-08-01 11:45:20 | INFO     | banking_rag.chunking.chunker:chunk_document:94 - Chunked document 5dcc84f9-9501-4f0c-8815-001e761dcd8f into 2 text chunks.
2026-08-01 11:45:20 | INFO     | banking_rag.chunking.contextual_chunker:process:76 - Added contextual headers to 2 chunks for dataset.jsonl
2026-08-01 11:45:20 | INFO     | banking_rag.chunking.chunker:chunk_document:94 - Chunked document 2201d2c0-79cc-45c1-a51f-8bc4dfa14859 into 2 text chunks.
2026-08-01 11:45:20 | INFO     | banking_rag.chunking.contextual_chunker:process:76 - Added contextual headers to 2 chunks for dataset.jsonl
2026-08-01 11:45:20 | INFO     | banking_rag.chunking.chunker:chunk_document:94 - Chunked document 98c75dbc-5ae8-4691-b5cf-793d96361494 into 2 text chunks.
2026-08-01 11:45:20 | INFO     | banking_rag.chunking.contextual_chunker:process:76 - Added contextual headers to 2 chunks for dataset.jsonl
2026-08-01 11:45:20 | INFO     | banking_rag.chunking.chunker:chunk_document:94 - Chunked document f982472a-cb63-4254-97e1-4f9b91898cee into 2 text chunks.
2026-08-01 11:45:20 | INFO     | banking_rag.chunking.contextual_chunker:process:76 - Added contextual headers to 2 chunks for dataset.jsonl
2026-08-01 11:45:20 | INFO     | banking_rag.chunking.chunker:chunk_document:94 - Chunked document 1daed7c4-772f-42a0-b9b3-a062e76178b7 into 2 text chunks.
2026-08-01 11:45:20 | INFO     | banking_rag.chunking.contextual_chunker:process:76 - Added contextual headers to 2 chunks for dataset.jsonl
2026-08-01 11:45:20 | INFO     | banking_rag.chunking.chunker:chunk_document:94 - Chunked document bfe08d4c-c93b-45e9-87f2-eabbcb969734 into 2 text chunks.
2026-08-01 11:45:20 | INFO     | banking_rag.chunking.contextual_chunker:process:76 - Added contextual headers to 2 chunks for dataset.jsonl
2026-08-01 11:45:20 | INFO     | banking_rag.chunking.chunker:chunk_document:94 - Chunked document 2bcedbc0-e84a-46b6-8be7-47d9310fc145 into 2 text chunks.
2026-08-01 11:45:20 | INFO     | banking_rag.chunking.contextual_chunker:process:76 - Added contextual headers to 2 chunks for dataset.jsonl
2026-08-01 11:45:20 | INFO     | banking_rag.chunking.chunker:chunk_document:94 - Chunked document db98e8ec-bf96-4c31-95be-c0565dde4660 into 2 text chunks.
2026-08-01 11:45:20 | INFO     | banking_rag.chunking.contextual_chunker:process:76 - Added contextual headers to 2 chunks for dataset.jsonl
2026-08-01 11:45:20 | INFO     | banking_rag.chunking.chunker:chunk_document:94 - Chunked document 518587c1-aa8b-490a-87e9-d3aab7a10771 into 2 text chunks.
2026-08-01 11:45:20 | INFO     | banking_rag.chunking.contextual_chunker:process:76 - Added contextual headers to 2 chunks for dataset.jsonl
2026-08-01 11:45:20 | INFO     | banking_rag.chunking.chunker:chunk_document:94 - Chunked document c313a176-0c45-4c4e-b0cc-e11d1f9c3e4c into 3 text chunks.
2026-08-01 11:45:20 | INFO     | banking_rag.chunking.contextual_chunker:process:76 - Added contextual headers to 3 chunks for dataset.jsonl
2026-08-01 11:45:20 | INFO     | banking_rag.chunking.chunker:chunk_document:94 - Chunked document 1f0c8489-bd9f-4792-ad1f-3c24813a2fef into 2 text chunks.
2026-08-01 11:45:20 | INFO     | banking_rag.chunking.contextual_chunker:process:76 - Added contextual headers to 2 chunks for dataset.jsonl
2026-08-01 11:45:20 | INFO     | banking_rag.chunking.chunker:chunk_document:94 - Chunked document 06a94b1c-46c2-4049-85de-6229c73d00b0 into 2 text chunks.
2026-08-01 11:45:20 | INFO     | banking_rag.chunking.contextual_chunker:process:76 - Added contextual headers to 2 chunks for dataset.jsonl
2026-08-01 11:45:20 | INFO     | banking_rag.chunking.chunker:chunk_document:94 - Chunked document cf4f13e9-6c3e-4566-9be7-51ed2ecd3e76 into 2 text chunks.
2026-08-01 11:45:20 | INFO     | banking_rag.chunking.contextual_chunker:process:76 - Added contextual headers to 2 chunks for dataset.jsonl
2026-08-01 11:45:20 | INFO     | banking_rag.chunking.chunker:chunk_document:94 - Chunked document 8bdce798-a58a-40c0-9c84-152cd50a9d6e into 2 text chunks.
2026-08-01 11:45:20 | INFO     | banking_rag.chunking.contextual_chunker:process:76 - Added contextual headers to 2 chunks for dataset.jsonl
2026-08-01 11:45:20 | INFO     | banking_rag.chunking.chunker:chunk_document:94 - Chunked document f200075e-0a61-4c8a-83c9-319a9d1fb51a into 2 text chunks.
2026-08-01 11:45:20 | INFO     | banking_rag.chunking.contextual_chunker:process:76 - Added contextual headers to 2 chunks for dataset.jsonl
2026-08-01 11:45:20 | INFO     | banking_rag.chunking.chunker:chunk_document:94 - Chunked document 15bf3ff0-3f53-4af0-837d-e12f72de58f5 into 2 text chunks.
2026-08-01 11:45:20 | INFO     | banking_rag.chunking.contextual_chunker:process:76 - Added contextual headers to 2 chunks for dataset.jsonl
2026-08-01 11:45:20 | INFO     | banking_rag.chunking.chunker:chunk_document:94 - Chunked document a24728cc-f579-4e98-9699-72816b1435e7 into 2 text chunks.
2026-08-01 11:45:20 | INFO     | banking_rag.chunking.contextual_chunker:process:76 - Added contextual headers to 2 chunks for dataset.jsonl
2026-08-01 11:45:20 | INFO     | banking_rag.chunking.chunker:chunk_document:94 - Chunked document a0d143f3-79fa-4c0d-a890-78e157ca5ee5 into 2 text chunks.
2026-08-01 11:45:20 | INFO     | banking_rag.chunking.contextual_chunker:process:76 - Added contextual headers to 2 chunks for dataset.jsonl
2026-08-01 11:45:20 | INFO     | banking_rag.chunking.chunker:chunk_document:94 - Chunked document 95a28dbf-59c7-46b5-907d-b11c36a28058 into 2 text chunks.
2026-08-01 11:45:20 | INFO     | banking_rag.chunking.contextual_chunker:process:76 - Added contextual headers to 2 chunks for dataset.jsonl
2026-08-01 11:45:20 | INFO     | banking_rag.chunking.chunker:chunk_document:94 - Chunked document 313e8de7-5fa7-46f6-97f7-520aebeb9ff9 into 2 text chunks.
2026-08-01 11:45:20 | INFO     | banking_rag.chunking.contextual_chunker:process:76 - Added contextual headers to 2 chunks for dataset.jsonl
2026-08-01 11:45:20 | INFO     | banking_rag.chunking.chunker:chunk_document:94 - Chunked document 75d6d142-1150-47f1-8827-a1ac6babc170 into 2 text chunks.
2026-08-01 11:45:20 | INFO     | banking_rag.chunking.contextual_chunker:process:76 - Added contextual headers to 2 chunks for dataset.jsonl
2026-08-01 11:45:20 | INFO     | banking_rag.chunking.chunker:chunk_document:94 - Chunked document bb00d8c6-2e8d-42da-9544-6a14a0c78dad into 2 text chunks.
2026-08-01 11:45:20 | INFO     | banking_rag.chunking.contextual_chunker:process:76 - Added contextual headers to 2 chunks for dataset.jsonl
2026-08-01 11:45:20 | INFO     | banking_rag.chunking.chunker:chunk_document:94 - Chunked document 0b79f634-bcf9-4d48-8c3a-2566631601bd into 2 text chunks.
2026-08-01 11:45:20 | INFO     | banking_rag.chunking.contextual_chunker:process:76 - Added contextual headers to 2 chunks for dataset.jsonl
2026-08-01 11:45:20 | INFO     | banking_rag.chunking.chunker:chunk_document:94 - Chunked document b0eb6cd6-38ba-46ce-be2d-2a6dba07e714 into 2 text chunks.
2026-08-01 11:45:20 | INFO     | banking_rag.chunking.contextual_chunker:process:76 - Added contextual headers to 2 chunks for dataset.jsonl
2026-08-01 11:45:20 | INFO     | banking_rag.chunking.chunker:chunk_document:94 - Chunked document ef867058-08c1-4091-9627-5dd5676a3c07 into 2 text chunks.
2026-08-01 11:45:20 | INFO     | banking_rag.chunking.contextual_chunker:process:76 - Added contextual headers to 2 chunks for dataset.jsonl
2026-08-01 11:45:20 | INFO     | banking_rag.chunking.chunker:chunk_document:94 - Chunked document d7432e7e-5b75-4f37-a91a-fd3381ef7300 into 2 text chunks.
2026-08-01 11:45:20 | INFO     | banking_rag.chunking.contextual_chunker:process:76 - Added contextual headers to 2 chunks for dataset.jsonl
2026-08-01 11:45:20 | INFO     | banking_rag.chunking.chunker:chunk_document:94 - Chunked document 13bfa12d-d147-42b6-b327-2182d5842106 into 2 text chunks.
2026-08-01 11:45:20 | INFO     | banking_rag.chunking.contextual_chunker:process:76 - Added contextual headers to 2 chunks for dataset.jsonl
2026-08-01 11:45:20 | INFO     | banking_rag.chunking.chunker:chunk_document:94 - Chunked document 2663c723-0289-44c5-a893-3ef032e5cb92 into 2 text chunks.
2026-08-01 11:45:20 | INFO     | banking_rag.chunking.contextual_chunker:process:76 - Added contextual headers to 2 chunks for dataset.jsonl
2026-08-01 11:45:20 | INFO     | banking_rag.chunking.chunker:chunk_document:94 - Chunked document 3cb91039-c13f-454d-aba4-2257764e8549 into 1 text chunks.
2026-08-01 11:45:20 | INFO     | banking_rag.chunking.contextual_chunker:process:76 - Added contextual headers to 1 chunks for dataset.jsonl
2026-08-01 11:45:20 | INFO     | banking_rag.chunking.chunker:chunk_document:94 - Chunked document afe06667-afcb-40e9-9dc8-8c7020fc45da into 1 text chunks.
2026-08-01 11:45:20 | INFO     | banking_rag.chunking.contextual_chunker:process:76 - Added contextual headers to 1 chunks for dataset.jsonl
2026-08-01 11:45:20 | INFO     | banking_rag.chunking.chunker:chunk_document:94 - Chunked document 62eee466-a4b2-4797-acdc-34a367475d37 into 2 text chunks.
2026-08-01 11:45:20 | INFO     | banking_rag.chunking.contextual_chunker:process:76 - Added contextual headers to 2 chunks for dataset.jsonl
2026-08-01 11:45:20 | INFO     | banking_rag.embeddings.embedding_generator:_load_model:94 - Loading embedding model 'BAAI/bge-m3' on device 'mps'...
2026-08-01 11:45:31 | INFO     | banking_rag.embeddings.embedding_generator:_load_model:108 - Successfully loaded embedding model. Dimension: 1024
2026-08-01 11:48:04 | INFO     | banking_rag.vectorstore.qdrant_manager:_get_client:72 - Connecting to Qdrant server at localhost:6333
2026-08-01 11:48:06 | INFO     | banking_rag.vectorstore.qdrant_manager:upsert_chunks:188 - Successfully upserted 1286 chunks into Qdrant collection 'union_bank_knowledge_base'
2026-08-01 11:48:06 | INFO     | banking_rag.pipeline.ingest:ingest_file:105 - Successfully completed ingestion for dataset.jsonl: {'status': 'success', 'file_name': 'dataset.jsonl', 'pages': 475, 'chunks_ingested': 1286}
2026-08-01 11:49:48 | INFO     | banking_rag.main:main:138 - Logging to file: /Users/rohinivemula/Desktop/SLM_UBI/RAG_1/banking_rag/logs/banking_rag.log
2026-08-01 11:49:48 | INFO     | banking_rag.embeddings.embedding_generator:_load_model:94 - Loading embedding model 'BAAI/bge-m3' on device 'mps'...
2026-08-01 11:49:59 | INFO     | banking_rag.embeddings.embedding_generator:_load_model:108 - Successfully loaded embedding model. Dimension: 1024
2026-08-01 11:49:59 | INFO     | banking_rag.retrieval.reranker:_load_model:87 - Loading CrossEncoder model 'BAAI/bge-reranker-large' on device 'mps'...
2026-08-01 11:50:05 | INFO     | banking_rag.retrieval.reranker:_load_model:91 - CrossEncoder reranker model loaded successfully.
2026-08-01 11:50:05 | INFO     | banking_rag.llm.generator:_load_model:79 - Loading Fine-tuned Banking SLM 'Qwen/Qwen2.5-3B-Instruct' on device 'mps'...
2026-08-01 11:50:20 | INFO     | banking_rag.llm.generator:_load_model:91 - Successfully loaded fine-tuned Qwen Banking SLM model weights.
2026-08-01 11:50:20 | INFO     | banking_rag.vectorstore.qdrant_manager:_get_client:72 - Connecting to Qdrant server at localhost:6333
2026-08-01 11:51:47 | INFO     | banking_rag.pipeline.rag_pipeline:query:84 - Processing online RAG query: 'What is Spamming AI System with Chaff Data?' (filters=None, top_k=3)
2026-08-01 11:51:47 | INFO     | banking_rag.retrieval.hybrid_retriever:retrieve:60 - Executing hybrid retrieval with RRF for query: 'What is Spamming AI System with Chaff Data?'
2026-08-01 11:51:47 | INFO     | banking_rag.retrieval.retriever:retrieve:88 - Executing dense retrieval for query: 'What is Spamming AI System with Chaff Data?' (top_k=24)
2026-08-01 11:51:57 | ERROR    | banking_rag.vectorstore.qdrant_manager:search:243 - Error executing similarity search in Qdrant: 'QdrantClient' object has no attribute 'search'
2026-08-01 11:51:57 | ERROR    | banking_rag.retrieval.retriever:retrieve:108 - Dense retrieval failed for query 'What is Spamming AI System with Chaff Data?': Similarity search failed: 'QdrantClient' object has no attribute 'search'
2026-08-01 11:51:57 | ERROR    | banking_rag.retrieval.hybrid_retriever:retrieve:80 - Hybrid retrieval failed: Dense vector retrieval error: Similarity search failed: 'QdrantClient' object has no attribute 'search'
2026-08-01 11:51:57 | ERROR    | banking_rag.pipeline.rag_pipeline:query:130 - Error executing online RAG pipeline for query 'What is Spamming AI System with Chaff Data?': Error during hybrid retrieval: Dense vector retrieval error: Similarity search failed: 'QdrantClient' object has no attribute 'search'
2026-08-01 11:56:20 | INFO     | banking_rag.main:main:138 - Logging to file: /Users/rohinivemula/Desktop/SLM_UBI/RAG_1/banking_rag/logs/banking_rag.log
2026-08-01 11:56:20 | INFO     | banking_rag.embeddings.embedding_generator:_load_model:94 - Loading embedding model 'BAAI/bge-m3' on device 'cpu'...
2026-08-01 11:56:29 | INFO     | banking_rag.embeddings.embedding_generator:_load_model:108 - Successfully loaded embedding model. Dimension: 1024
2026-08-01 11:56:29 | INFO     | banking_rag.retrieval.reranker:_load_model:87 - Loading CrossEncoder model 'BAAI/bge-reranker-large' on device 'cpu'...
2026-08-01 11:56:34 | INFO     | banking_rag.retrieval.reranker:_load_model:91 - CrossEncoder reranker model loaded successfully.
2026-08-01 11:56:34 | INFO     | banking_rag.llm.generator:_load_model:79 - Loading Fine-tuned Banking SLM 'Qwen/Qwen2.5-3B-Instruct' on device 'cpu'...
2026-08-01 11:56:44 | INFO     | banking_rag.llm.generator:_load_model:91 - Successfully loaded fine-tuned Qwen Banking SLM model weights.
2026-08-01 11:56:46 | INFO     | banking_rag.vectorstore.qdrant_manager:_get_client:72 - Connecting to Qdrant server at localhost:6333
2026-08-01 11:57:04 | INFO     | banking_rag.pipeline.rag_pipeline:query:84 - Processing online RAG query: 'What is Spamming AI System with Chaff Data?' (filters=None, top_k=3)
2026-08-01 11:57:04 | INFO     | banking_rag.retrieval.hybrid_retriever:retrieve:60 - Executing hybrid retrieval with RRF for query: 'What is Spamming AI System with Chaff Data?'
2026-08-01 11:57:04 | INFO     | banking_rag.retrieval.retriever:retrieve:88 - Executing dense retrieval for query: 'What is Spamming AI System with Chaff Data?' (top_k=24)
2026-08-01 11:57:07 | INFO     | banking_rag.vectorstore.qdrant_manager:search:250 - Retrieved 24 candidate chunks from Qdrant.
2026-08-01 11:57:07 | INFO     | banking_rag.retrieval.retriever:retrieve:104 - DenseRetriever retrieved 24 candidate chunks.
2026-08-01 11:57:07 | INFO     | banking_rag.retrieval.hybrid_retriever:retrieve:76 - HybridRetriever successfully fused 12 results.
2026-08-01 11:57:07 | INFO     | banking_rag.retrieval.reranker:rerank:136 - Reranking 12 candidates for query 'What is Spamming AI System with Chaff Data?' (top_k=3)
2026-08-01 11:57:13 | INFO     | banking_rag.retrieval.reranker:rerank:157 - CrossEncoderReranker finished reranking. Returning top 3 chunks.
2026-08-01 11:57:13 | INFO     | banking_rag.prompts.prompt_builder:build_prompt:57 - Building prompt for query 'What is Spamming AI System with Chaff Data?' with 3 context chunks.
2026-08-01 11:57:13 | INFO     | banking_rag.llm.generator:generate:131 - Executing Qwen SLM generation (temp=0.1, max_tokens=1024)
2026-08-01 12:03:37 | INFO     | banking_rag.main:main:138 - Logging to file: /Users/rohinivemula/Desktop/SLM_UBI/RAG_1/banking_rag/logs/banking_rag.log
2026-08-01 12:03:37 | INFO     | banking_rag.embeddings.embedding_generator:_load_model:94 - Loading embedding model 'BAAI/bge-m3' on device 'mps'...
2026-08-01 12:03:48 | INFO     | banking_rag.embeddings.embedding_generator:_load_model:108 - Successfully loaded embedding model. Dimension: 1024
2026-08-01 12:03:48 | INFO     | banking_rag.retrieval.reranker:_load_model:87 - Loading CrossEncoder model 'BAAI/bge-reranker-large' on device 'mps'...
2026-08-01 12:03:54 | INFO     | banking_rag.retrieval.reranker:_load_model:91 - CrossEncoder reranker model loaded successfully.
2026-08-01 12:03:54 | INFO     | banking_rag.llm.generator:_load_model:79 - Loading Fine-tuned Banking SLM 'Qwen/Qwen2.5-3B-Instruct' on device 'mps'...
2026-08-01 12:04:10 | INFO     | banking_rag.llm.generator:_load_model:91 - Successfully loaded fine-tuned Qwen Banking SLM model weights.
2026-08-01 12:04:10 | INFO     | banking_rag.vectorstore.qdrant_manager:_get_client:72 - Connecting to Qdrant server at localhost:6333
2026-08-01 12:04:39 | INFO     | banking_rag.pipeline.rag_pipeline:query:84 - Processing online RAG query: 'What is Spamming AI System with Chaff Data?' (filters=None, top_k=3)
2026-08-01 12:04:39 | INFO     | banking_rag.retrieval.hybrid_retriever:retrieve:60 - Executing hybrid retrieval with RRF for query: 'What is Spamming AI System with Chaff Data?'
2026-08-01 12:04:39 | INFO     | banking_rag.retrieval.retriever:retrieve:88 - Executing dense retrieval for query: 'What is Spamming AI System with Chaff Data?' (top_k=24)
2026-08-01 12:04:47 | INFO     | banking_rag.vectorstore.qdrant_manager:search:250 - Retrieved 24 candidate chunks from Qdrant.
2026-08-01 12:04:47 | INFO     | banking_rag.retrieval.retriever:retrieve:104 - DenseRetriever retrieved 24 candidate chunks.
2026-08-01 12:04:47 | INFO     | banking_rag.retrieval.hybrid_retriever:retrieve:76 - HybridRetriever successfully fused 12 results.
2026-08-01 12:04:47 | INFO     | banking_rag.retrieval.reranker:rerank:136 - Reranking 12 candidates for query 'What is Spamming AI System with Chaff Data?' (top_k=3)
2026-08-01 12:05:02 | INFO     | banking_rag.retrieval.reranker:rerank:157 - CrossEncoderReranker finished reranking. Returning top 3 chunks.
2026-08-01 12:05:02 | INFO     | banking_rag.prompts.prompt_builder:build_prompt:57 - Building prompt for query 'What is Spamming AI System with Chaff Data?' with 3 context chunks.
2026-08-01 12:05:02 | INFO     | banking_rag.llm.generator:generate:131 - Executing Qwen SLM generation (temp=0.1, max_tokens=256)
2026-08-01 12:05:38 | INFO     | banking_rag.llm.generator:generate:175 - Successfully generated Banking SLM response.
2026-08-01 12:05:38 | INFO     | banking_rag.pipeline.rag_pipeline:query:126 - Online RAG pipeline query execution completed successfully.
2026-08-01 12:08:24 | INFO     | banking_rag.main:main:138 - Logging to file: /Users/rohinivemula/Desktop/SLM_UBI/RAG_1/banking_rag/logs/banking_rag.log
2026-08-01 12:08:24 | INFO     | banking_rag.embeddings.embedding_generator:_load_model:94 - Loading embedding model 'BAAI/bge-m3' on device 'mps'...
2026-08-01 12:08:35 | INFO     | banking_rag.embeddings.embedding_generator:_load_model:108 - Successfully loaded embedding model. Dimension: 1024
2026-08-01 12:08:35 | INFO     | banking_rag.retrieval.reranker:_load_model:87 - Loading CrossEncoder model 'BAAI/bge-reranker-large' on device 'mps'...
2026-08-01 12:08:42 | INFO     | banking_rag.retrieval.reranker:_load_model:91 - CrossEncoder reranker model loaded successfully.
2026-08-01 12:08:42 | INFO     | banking_rag.llm.generator:_load_model:79 - Loading Fine-tuned Banking SLM 'Qwen/Qwen2.5-3B-Instruct' on device 'mps'...
2026-08-01 12:08:56 | INFO     | banking_rag.llm.generator:_load_model:91 - Successfully loaded fine-tuned Qwen Banking SLM model weights.
2026-08-01 12:08:57 | INFO     | banking_rag.vectorstore.qdrant_manager:_get_client:72 - Connecting to Qdrant server at localhost:6333
2026-08-01 12:09:32 | INFO     | banking_rag.pipeline.rag_pipeline:query:84 - Processing online RAG query: 'What is Spamming AI System with Chaff Data?' (filters=None, top_k=3)
2026-08-01 12:09:32 | INFO     | banking_rag.retrieval.hybrid_retriever:retrieve:60 - Executing hybrid retrieval with RRF for query: 'What is Spamming AI System with Chaff Data?'
2026-08-01 12:09:32 | INFO     | banking_rag.retrieval.retriever:retrieve:88 - Executing dense retrieval for query: 'What is Spamming AI System with Chaff Data?' (top_k=24)
2026-08-01 12:09:43 | INFO     | banking_rag.vectorstore.qdrant_manager:search:250 - Retrieved 24 candidate chunks from Qdrant.
2026-08-01 12:09:43 | INFO     | banking_rag.retrieval.retriever:retrieve:104 - DenseRetriever retrieved 24 candidate chunks.
2026-08-01 12:09:43 | INFO     | banking_rag.retrieval.hybrid_retriever:retrieve:76 - HybridRetriever successfully fused 12 results.
2026-08-01 12:09:43 | INFO     | banking_rag.retrieval.reranker:rerank:136 - Reranking 12 candidates for query 'What is Spamming AI System with Chaff Data?' (top_k=3)
2026-08-01 12:09:54 | INFO     | banking_rag.retrieval.reranker:rerank:157 - CrossEncoderReranker finished reranking. Returning top 3 chunks.
2026-08-01 12:09:54 | INFO     | banking_rag.prompts.prompt_builder:build_prompt:57 - Building prompt for query 'What is Spamming AI System with Chaff Data?' with 3 context chunks.
2026-08-01 12:09:54 | INFO     | banking_rag.llm.generator:generate:131 - Executing Qwen SLM generation (temp=0.1, max_tokens=1024)
2026-08-01 12:10:32 | INFO     | banking_rag.llm.generator:generate:175 - Successfully generated Banking SLM response.
2026-08-01 12:10:32 | INFO     | banking_rag.pipeline.rag_pipeline:query:126 - Online RAG pipeline query execution completed successfully.
2026-08-01 12:15:59 | INFO     | banking_rag.main:main:138 - Logging to file: /Users/rohinivemula/Desktop/SLM_UBI/RAG_1/banking_rag/logs/banking_rag.log
2026-08-01 12:15:59 | INFO     | banking_rag.embeddings.embedding_generator:_load_model:94 - Loading embedding model 'BAAI/bge-m3' on device 'mps'...
2026-08-01 12:16:10 | INFO     | banking_rag.embeddings.embedding_generator:_load_model:108 - Successfully loaded embedding model. Dimension: 1024
2026-08-01 12:16:10 | INFO     | banking_rag.retrieval.reranker:_load_model:87 - Loading CrossEncoder model 'BAAI/bge-reranker-large' on device 'mps'...
2026-08-01 12:16:17 | INFO     | banking_rag.retrieval.reranker:_load_model:91 - CrossEncoder reranker model loaded successfully.
2026-08-01 12:16:17 | INFO     | banking_rag.llm.generator:_load_model:79 - Loading Fine-tuned Banking SLM 'Qwen/Qwen2.5-3B-Instruct' on device 'mps'...
2026-08-01 12:16:32 | INFO     | banking_rag.llm.generator:_load_model:91 - Successfully loaded fine-tuned Qwen Banking SLM model weights.
2026-08-01 12:16:32 | INFO     | banking_rag.vectorstore.qdrant_manager:_get_client:72 - Connecting to Qdrant server at localhost:6333
2026-08-01 12:19:37 | INFO     | banking_rag.pipeline.rag_pipeline:query:84 - Processing online RAG query: 'What is Spamming AI System with Chaff Data?' (filters=None, top_k=3)
2026-08-01 12:19:37 | INFO     | banking_rag.retrieval.hybrid_retriever:retrieve:60 - Executing hybrid retrieval with RRF for query: 'What is Spamming AI System with Chaff Data?'
2026-08-01 12:19:37 | INFO     | banking_rag.retrieval.retriever:retrieve:88 - Executing dense retrieval for query: 'What is Spamming AI System with Chaff Data?' (top_k=24)
2026-08-01 12:19:47 | INFO     | banking_rag.vectorstore.qdrant_manager:search:250 - Retrieved 24 candidate chunks from Qdrant.
2026-08-01 12:19:47 | INFO     | banking_rag.retrieval.retriever:retrieve:104 - DenseRetriever retrieved 24 candidate chunks.
2026-08-01 12:19:47 | INFO     | banking_rag.retrieval.hybrid_retriever:retrieve:76 - HybridRetriever successfully fused 12 results.
2026-08-01 12:19:47 | INFO     | banking_rag.retrieval.reranker:rerank:136 - Reranking 12 candidates for query 'What is Spamming AI System with Chaff Data?' (top_k=3)
2026-08-01 12:19:59 | INFO     | banking_rag.retrieval.reranker:rerank:157 - CrossEncoderReranker finished reranking. Returning top 3 chunks.
2026-08-01 12:19:59 | INFO     | banking_rag.prompts.prompt_builder:build_prompt:57 - Building prompt for query 'What is Spamming AI System with Chaff Data?' with 3 context chunks.
2026-08-01 12:19:59 | INFO     | banking_rag.llm.generator:generate:131 - Executing Qwen SLM generation (temp=0.1, max_tokens=256)
2026-08-01 12:20:57 | INFO     | banking_rag.llm.generator:generate:175 - Successfully generated Banking SLM response.
2026-08-01 12:20:57 | INFO     | banking_rag.pipeline.rag_pipeline:query:126 - Online RAG pipeline query execution completed successfully.
2026-08-01 14:35:20 | INFO     | banking_rag.main:main:138 - Logging to file: /Users/rohinivemula/Desktop/RAG_2/banking_rag/logs/banking_rag.log
2026-08-01 14:35:51 | INFO     | banking_rag.main:main:138 - Logging to file: /Users/rohinivemula/Desktop/RAG_2/banking_rag/logs/banking_rag.log
2026-08-01 14:35:51 | INFO     | banking_rag.pipeline.ingest:ingest_file:129 - Starting offline ingestion for file: dataset.jsonl
2026-08-01 14:35:51 | INFO     | banking_rag.loaders.jsonl_loader:load:45 - Loading JSONL dataset: dataset.jsonl
2026-08-01 14:35:51 | INFO     | banking_rag.loaders.jsonl_loader:load:85 - Successfully loaded 475 document entries from JSONL file: dataset.jsonl
2026-08-01 14:35:52 | INFO     | banking_rag.chunking.chunker:chunk_document:94 - Chunked document 8469bcf7-63cb-4a61-8bff-a2ede1cc4b3b into 2 text chunks.
2026-08-01 14:35:52 | INFO     | banking_rag.chunking.contextual_chunker:process:76 - Added contextual headers to 2 chunks for dataset.jsonl
2026-08-01 14:35:52 | INFO     | banking_rag.chunking.chunker:chunk_document:94 - Chunked document 161b0ff5-8f26-49de-baab-79f80cd33a24 into 2 text chunks.
2026-08-01 14:35:52 | INFO     | banking_rag.chunking.contextual_chunker:process:76 - Added contextual headers to 2 chunks for dataset.jsonl
2026-08-01 14:35:52 | INFO     | banking_rag.chunking.chunker:chunk_document:94 - Chunked document f61d2ee1-9a19-46da-9085-e9bf3a6c2ad0 into 2 text chunks.
2026-08-01 14:35:52 | INFO     | banking_rag.chunking.contextual_chunker:process:76 - Added contextual headers to 2 chunks for dataset.jsonl
2026-08-01 14:35:52 | INFO     | banking_rag.chunking.chunker:chunk_document:94 - Chunked document c6fa2f02-6a19-425b-81ab-7def6a65c346 into 2 text chunks.
2026-08-01 14:35:52 | INFO     | banking_rag.chunking.contextual_chunker:process:76 - Added contextual headers to 2 chunks for dataset.jsonl
2026-08-01 14:35:52 | INFO     | banking_rag.chunking.chunker:chunk_document:94 - Chunked document b457c6e5-f05f-429f-a84b-b4f95fdfc928 into 2 text chunks.
2026-08-01 14:35:52 | INFO     | banking_rag.chunking.contextual_chunker:process:76 - Added contextual headers to 2 chunks for dataset.jsonl
2026-08-01 14:35:52 | INFO     | banking_rag.chunking.chunker:chunk_document:94 - Chunked document 0f02b1e3-90e1-430c-b8a4-1f52ce599166 into 2 text chunks.
2026-08-01 14:35:52 | INFO     | banking_rag.chunking.contextual_chunker:process:76 - Added contextual headers to 2 chunks for dataset.jsonl
2026-08-01 14:35:52 | INFO     | banking_rag.chunking.chunker:chunk_document:94 - Chunked document 0864c70d-b092-4041-ba89-63861ac6ae10 into 2 text chunks.
2026-08-01 14:35:52 | INFO     | banking_rag.chunking.contextual_chunker:process:76 - Added contextual headers to 2 chunks for dataset.jsonl
2026-08-01 14:35:52 | INFO     | banking_rag.chunking.chunker:chunk_document:94 - Chunked document 2b8a6a5f-83dd-4b2c-99e3-747cf4dbfddc into 2 text chunks.
2026-08-01 14:35:52 | INFO     | banking_rag.chunking.contextual_chunker:process:76 - Added contextual headers to 2 chunks for dataset.jsonl
2026-08-01 14:35:52 | INFO     | banking_rag.chunking.chunker:chunk_document:94 - Chunked document 78ad4df4-bf31-436a-9a8b-68d3084ab787 into 2 text chunks.
2026-08-01 14:35:52 | INFO     | banking_rag.chunking.contextual_chunker:process:76 - Added contextual headers to 2 chunks for dataset.jsonl
2026-08-01 14:35:52 | INFO     | banking_rag.chunking.chunker:chunk_document:94 - Chunked document 2fad343b-397f-4dec-ba01-751f55cde41e into 2 text chunks.
2026-08-01 14:35:52 | INFO     | banking_rag.chunking.contextual_chunker:process:76 - Added contextual headers to 2 chunks for dataset.jsonl
2026-08-01 14:35:52 | INFO     | banking_rag.chunking.chunker:chunk_document:94 - Chunked document d2aecc12-79ff-4d76-80f0-ceb2efb9385a into 2 text chunks.
2026-08-01 14:35:52 | INFO     | banking_rag.chunking.contextual_chunker:process:76 - Added contextual headers to 2 chunks for dataset.jsonl
2026-08-01 14:35:52 | INFO     | banking_rag.chunking.chunker:chunk_document:94 - Chunked document e8786fb5-f412-4c60-addb-1641dac76134 into 2 text chunks.
2026-08-01 14:35:52 | INFO     | banking_rag.chunking.contextual_chunker:process:76 - Added contextual headers to 2 chunks for dataset.jsonl
2026-08-01 14:35:52 | INFO     | banking_rag.chunking.chunker:chunk_document:94 - Chunked document 297ccf71-fb56-4cb3-b3c0-e156d742903e into 2 text chunks.
2026-08-01 14:35:52 | INFO     | banking_rag.chunking.contextual_chunker:process:76 - Added contextual headers to 2 chunks for dataset.jsonl
2026-08-01 14:35:52 | INFO     | banking_rag.chunking.chunker:chunk_document:94 - Chunked document d8d6a151-da0c-4c30-a3ec-4d22b4a1d0cf into 2 text chunks.
2026-08-01 14:35:52 | INFO     | banking_rag.chunking.contextual_chunker:process:76 - Added contextual headers to 2 chunks for dataset.jsonl
2026-08-01 14:35:52 | INFO     | banking_rag.chunking.chunker:chunk_document:94 - Chunked document 05360e73-eae0-44e8-846d-c0cf84cd767f into 2 text chunks.
2026-08-01 14:35:52 | INFO     | banking_rag.chunking.contextual_chunker:process:76 - Added contextual headers to 2 chunks for dataset.jsonl
2026-08-01 14:35:52 | INFO     | banking_rag.chunking.chunker:chunk_document:94 - Chunked document 3afc5fc3-0081-4d19-8bc1-d1634f1689a8 into 2 text chunks.
2026-08-01 14:35:52 | INFO     | banking_rag.chunking.contextual_chunker:process:76 - Added contextual headers to 2 chunks for dataset.jsonl
2026-08-01 14:35:52 | INFO     | banking_rag.chunking.chunker:chunk_document:94 - Chunked document a155f0a2-f185-417f-90e9-0515e7743233 into 2 text chunks.
2026-08-01 14:35:52 | INFO     | banking_rag.chunking.contextual_chunker:process:76 - Added contextual headers to 2 chunks for dataset.jsonl
2026-08-01 14:35:52 | INFO     | banking_rag.chunking.chunker:chunk_document:94 - Chunked document 22af1844-f366-47de-9461-794ac3e27678 into 2 text chunks.
2026-08-01 14:35:52 | INFO     | banking_rag.chunking.contextual_chunker:process:76 - Added contextual headers to 2 chunks for dataset.jsonl
2026-08-01 14:35:52 | INFO     | banking_rag.chunking.chunker:chunk_document:94 - Chunked document 8b67a0d4-e231-4534-8a08-f335d37bc985 into 2 text chunks.
2026-08-01 14:35:52 | INFO     | banking_rag.chunking.contextual_chunker:process:76 - Added contextual headers to 2 chunks for dataset.jsonl
2026-08-01 14:35:52 | INFO     | banking_rag.chunking.chunker:chunk_document:94 - Chunked document 6b62102f-ecd7-4ad5-a984-2a7fcd1bea31 into 2 text chunks.
2026-08-01 14:35:52 | INFO     | banking_rag.chunking.contextual_chunker:process:76 - Added contextual headers to 2 chunks for dataset.jsonl
2026-08-01 14:35:52 | INFO     | banking_rag.chunking.chunker:chunk_document:94 - Chunked document 85e530b9-f9d9-479b-b699-0660b5727a68 into 2 text chunks.
2026-08-01 14:35:52 | INFO     | banking_rag.chunking.contextual_chunker:process:76 - Added contextual headers to 2 chunks for dataset.jsonl
2026-08-01 14:35:52 | INFO     | banking_rag.chunking.chunker:chunk_document:94 - Chunked document d1e9c7c2-f6c6-4872-9640-6f7de459cda4 into 2 text chunks.
2026-08-01 14:35:52 | INFO     | banking_rag.chunking.contextual_chunker:process:76 - Added contextual headers to 2 chunks for dataset.jsonl
2026-08-01 14:35:52 | INFO     | banking_rag.chunking.chunker:chunk_document:94 - Chunked document 44135f33-e54b-4ce8-bb9e-2048a8182086 into 2 text chunks.
2026-08-01 14:35:52 | INFO     | banking_rag.chunking.contextual_chunker:process:76 - Added contextual headers to 2 chunks for dataset.jsonl
2026-08-01 14:35:52 | INFO     | banking_rag.chunking.chunker:chunk_document:94 - Chunked document a140674c-b0f3-4a37-9945-5213379860de into 2 text chunks.
2026-08-01 14:35:52 | INFO     | banking_rag.chunking.contextual_chunker:process:76 - Added contextual headers to 2 chunks for dataset.jsonl
2026-08-01 14:35:52 | INFO     | banking_rag.chunking.chunker:chunk_document:94 - Chunked document a423f9fc-661b-4d47-8329-dcb186437d3a into 2 text chunks.
2026-08-01 14:35:52 | INFO     | banking_rag.chunking.contextual_chunker:process:76 - Added contextual headers to 2 chunks for dataset.jsonl
2026-08-01 14:35:52 | INFO     | banking_rag.chunking.chunker:chunk_document:94 - Chunked document 02b921f5-e051-4e30-8b63-4d8bbf0629f2 into 2 text chunks.
2026-08-01 14:35:52 | INFO     | banking_rag.chunking.contextual_chunker:process:76 - Added contextual headers to 2 chunks for dataset.jsonl
2026-08-01 14:35:52 | INFO     | banking_rag.chunking.chunker:chunk_document:94 - Chunked document b2fdade5-074d-4e79-a483-2ef35749f4eb into 2 text chunks.
2026-08-01 14:35:52 | INFO     | banking_rag.chunking.contextual_chunker:process:76 - Added contextual headers to 2 chunks for dataset.jsonl
2026-08-01 14:35:52 | INFO     | banking_rag.chunking.chunker:chunk_document:94 - Chunked document dd8c81bc-6db2-4564-85d6-736e04cfff3f into 2 text chunks.
2026-08-01 14:35:52 | INFO     | banking_rag.chunking.contextual_chunker:process:76 - Added contextual headers to 2 chunks for dataset.jsonl
2026-08-01 14:35:52 | INFO     | banking_rag.chunking.chunker:chunk_document:94 - Chunked document 1c1ee900-a551-4147-b5d4-52fe60a466ca into 2 text chunks.
2026-08-01 14:35:52 | INFO     | banking_rag.chunking.contextual_chunker:process:76 - Added contextual headers to 2 chunks for dataset.jsonl
2026-08-01 14:35:52 | INFO     | banking_rag.chunking.chunker:chunk_document:94 - Chunked document 464f7bc0-12ac-4bbf-8ca1-f81cbc1bc1e5 into 2 text chunks.
2026-08-01 14:35:52 | INFO     | banking_rag.chunking.contextual_chunker:process:76 - Added contextual headers to 2 chunks for dataset.jsonl
2026-08-01 14:35:52 | INFO     | banking_rag.chunking.chunker:chunk_document:94 - Chunked document d488e5f9-4f87-4f56-9811-d7c20deefd71 into 2 text chunks.
2026-08-01 14:35:52 | INFO     | banking_rag.chunking.contextual_chunker:process:76 - Added contextual headers to 2 chunks for dataset.jsonl
2026-08-01 14:35:52 | INFO     | banking_rag.chunking.chunker:chunk_document:94 - Chunked document 0d46a834-b43a-4701-a537-599d7094bdac into 2 text chunks.
2026-08-01 14:35:52 | INFO     | banking_rag.chunking.contextual_chunker:process:76 - Added contextual headers to 2 chunks for dataset.jsonl
2026-08-01 14:35:52 | INFO     | banking_rag.chunking.chunker:chunk_document:94 - Chunked document a393afe1-0fd7-46b4-b2ab-0daa18de42fb into 2 text chunks.
2026-08-01 14:35:52 | INFO     | banking_rag.chunking.contextual_chunker:process:76 - Added contextual headers to 2 chunks for dataset.jsonl
2026-08-01 14:35:52 | INFO     | banking_rag.chunking.chunker:chunk_document:94 - Chunked document 8a0e6756-ad08-43db-8c84-b71d7aac8c8a into 2 text chunks.
2026-08-01 14:35:52 | INFO     | banking_rag.chunking.contextual_chunker:process:76 - Added contextual headers to 2 chunks for dataset.jsonl
2026-08-01 14:35:52 | INFO     | banking_rag.chunking.chunker:chunk_document:94 - Chunked document 112ad912-e0fa-4e25-ad3d-fde8e102ab0f into 2 text chunks.
2026-08-01 14:35:52 | INFO     | banking_rag.chunking.contextual_chunker:process:76 - Added contextual headers to 2 chunks for dataset.jsonl
2026-08-01 14:35:52 | INFO     | banking_rag.chunking.chunker:chunk_document:94 - Chunked document f6a3cd91-dcc3-480c-9539-80b1127044f9 into 2 text chunks.
2026-08-01 14:35:52 | INFO     | banking_rag.chunking.contextual_chunker:process:76 - Added contextual headers to 2 chunks for dataset.jsonl
2026-08-01 14:35:52 | INFO     | banking_rag.chunking.chunker:chunk_document:94 - Chunked document d6d4c94b-b781-40e6-831a-7106de1a19f4 into 2 text chunks.
2026-08-01 14:35:52 | INFO     | banking_rag.chunking.contextual_chunker:process:76 - Added contextual headers to 2 chunks for dataset.jsonl
2026-08-01 14:35:52 | INFO     | banking_rag.chunking.chunker:chunk_document:94 - Chunked document dfea1f97-f7b4-4238-b1ff-f15db488df4a into 2 text chunks.
2026-08-01 14:35:52 | INFO     | banking_rag.chunking.contextual_chunker:process:76 - Added contextual headers to 2 chunks for dataset.jsonl
2026-08-01 14:35:52 | INFO     | banking_rag.chunking.chunker:chunk_document:94 - Chunked document 775be4dc-65a9-4931-8b3e-5033172b742c into 2 text chunks.
2026-08-01 14:35:52 | INFO     | banking_rag.chunking.contextual_chunker:process:76 - Added contextual headers to 2 chunks for dataset.jsonl
2026-08-01 14:35:52 | INFO     | banking_rag.chunking.chunker:chunk_document:94 - Chunked document 4bd4f36e-eff5-4265-9a1e-10ad044ccc23 into 2 text chunks.
2026-08-01 14:35:52 | INFO     | banking_rag.chunking.contextual_chunker:process:76 - Added contextual headers to 2 chunks for dataset.jsonl
2026-08-01 14:35:52 | INFO     | banking_rag.chunking.chunker:chunk_document:94 - Chunked document 12b048f0-0ae1-4232-916f-03c4968a7255 into 2 text chunks.
2026-08-01 14:35:52 | INFO     | banking_rag.chunking.contextual_chunker:process:76 - Added contextual headers to 2 chunks for dataset.jsonl
2026-08-01 14:35:52 | INFO     | banking_rag.chunking.chunker:chunk_document:94 - Chunked document 89899d38-077f-430e-b79c-cc495cc59855 into 2 text chunks.
2026-08-01 14:35:52 | INFO     | banking_rag.chunking.contextual_chunker:process:76 - Added contextual headers to 2 chunks for dataset.jsonl
2026-08-01 14:35:52 | INFO     | banking_rag.chunking.chunker:chunk_document:94 - Chunked document f9550c56-070c-4cb3-955f-c1a428b65a5c into 2 text chunks.
2026-08-01 14:35:52 | INFO     | banking_rag.chunking.contextual_chunker:process:76 - Added contextual headers to 2 chunks for dataset.jsonl
2026-08-01 14:35:52 | INFO     | banking_rag.chunking.chunker:chunk_document:94 - Chunked document 3a58227a-a48d-42c1-a864-11bb52f3c2bd into 2 text chunks.
2026-08-01 14:35:52 | INFO     | banking_rag.chunking.contextual_chunker:process:76 - Added contextual headers to 2 chunks for dataset.jsonl
2026-08-01 14:35:52 | INFO     | banking_rag.chunking.chunker:chunk_document:94 - Chunked document f13b0995-8c80-40a9-a045-11a57d5c3623 into 2 text chunks.
2026-08-01 14:35:52 | INFO     | banking_rag.chunking.contextual_chunker:process:76 - Added contextual headers to 2 chunks for dataset.jsonl
2026-08-01 14:35:52 | INFO     | banking_rag.chunking.chunker:chunk_document:94 - Chunked document d3de0d88-5727-4bee-88bc-d765e2caf605 into 2 text chunks.
2026-08-01 14:35:52 | INFO     | banking_rag.chunking.contextual_chunker:process:76 - Added contextual headers to 2 chunks for dataset.jsonl
2026-08-01 14:35:52 | INFO     | banking_rag.chunking.chunker:chunk_document:94 - Chunked document 42e2244e-b379-42e6-b772-0f00a311498b into 2 text chunks.
2026-08-01 14:35:52 | INFO     | banking_rag.chunking.contextual_chunker:process:76 - Added contextual headers to 2 chunks for dataset.jsonl
2026-08-01 14:35:52 | INFO     | banking_rag.chunking.chunker:chunk_document:94 - Chunked document 005f1259-1fc5-4b0c-8738-7f778d89df4d into 2 text chunks.
2026-08-01 14:35:52 | INFO     | banking_rag.chunking.contextual_chunker:process:76 - Added contextual headers to 2 chunks for dataset.jsonl
2026-08-01 14:35:52 | INFO     | banking_rag.chunking.chunker:chunk_document:94 - Chunked document db9b5cdf-d25d-4c0e-973e-7d5290e7c98b into 2 text chunks.
2026-08-01 14:35:52 | INFO     | banking_rag.chunking.contextual_chunker:process:76 - Added contextual headers to 2 chunks for dataset.jsonl
2026-08-01 14:35:52 | INFO     | banking_rag.chunking.chunker:chunk_document:94 - Chunked document d3b52694-b310-49a9-ba63-d8d5c5041cf2 into 2 text chunks.
2026-08-01 14:35:52 | INFO     | banking_rag.chunking.contextual_chunker:process:76 - Added contextual headers to 2 chunks for dataset.jsonl
2026-08-01 14:35:52 | INFO     | banking_rag.chunking.chunker:chunk_document:94 - Chunked document 993c902e-f59f-4087-b110-c97952b17452 into 2 text chunks.
2026-08-01 14:35:52 | INFO     | banking_rag.chunking.contextual_chunker:process:76 - Added contextual headers to 2 chunks for dataset.jsonl
2026-08-01 14:35:52 | INFO     | banking_rag.chunking.chunker:chunk_document:94 - Chunked document b8a187a5-c67a-4a07-8d3e-6482d1e6f9b2 into 2 text chunks.
2026-08-01 14:35:52 | INFO     | banking_rag.chunking.contextual_chunker:process:76 - Added contextual headers to 2 chunks for dataset.jsonl
2026-08-01 14:35:52 | INFO     | banking_rag.chunking.chunker:chunk_document:94 - Chunked document 318df5e9-af05-485b-8daf-954c15408350 into 2 text chunks.
2026-08-01 14:35:52 | INFO     | banking_rag.chunking.contextual_chunker:process:76 - Added contextual headers to 2 chunks for dataset.jsonl
2026-08-01 14:35:52 | INFO     | banking_rag.chunking.chunker:chunk_document:94 - Chunked document 712fffac-1bfd-4a0f-8f0e-d466d928b43a into 2 text chunks.
2026-08-01 14:35:52 | INFO     | banking_rag.chunking.contextual_chunker:process:76 - Added contextual headers to 2 chunks for dataset.jsonl
2026-08-01 14:35:52 | INFO     | banking_rag.chunking.chunker:chunk_document:94 - Chunked document 33bb2fd9-6fa8-4741-bf2c-995620b5a1a0 into 2 text chunks.
2026-08-01 14:35:52 | INFO     | banking_rag.chunking.contextual_chunker:process:76 - Added contextual headers to 2 chunks for dataset.jsonl
2026-08-01 14:35:52 | INFO     | banking_rag.chunking.chunker:chunk_document:94 - Chunked document 9bdc9210-7fc6-4c6b-aeea-ae55c8f7f3c0 into 2 text chunks.
2026-08-01 14:35:52 | INFO     | banking_rag.chunking.contextual_chunker:process:76 - Added contextual headers to 2 chunks for dataset.jsonl
2026-08-01 14:35:52 | INFO     | banking_rag.chunking.chunker:chunk_document:94 - Chunked document 488a38e6-1d80-4db1-ac72-daac6acf5b93 into 2 text chunks.
2026-08-01 14:35:52 | INFO     | banking_rag.chunking.contextual_chunker:process:76 - Added contextual headers to 2 chunks for dataset.jsonl
2026-08-01 14:35:52 | INFO     | banking_rag.chunking.chunker:chunk_document:94 - Chunked document b85a091a-c788-4055-9040-860338e9becd into 2 text chunks.
2026-08-01 14:35:52 | INFO     | banking_rag.chunking.contextual_chunker:process:76 - Added contextual headers to 2 chunks for dataset.jsonl
2026-08-01 14:35:52 | INFO     | banking_rag.chunking.chunker:chunk_document:94 - Chunked document 4ace5d61-876e-405c-aeae-97d0f0977f23 into 2 text chunks.
2026-08-01 14:35:52 | INFO     | banking_rag.chunking.contextual_chunker:process:76 - Added contextual headers to 2 chunks for dataset.jsonl
2026-08-01 14:35:52 | INFO     | banking_rag.chunking.chunker:chunk_document:94 - Chunked document e6b12635-daab-4e86-bc95-845252ce543d into 2 text chunks.
2026-08-01 14:35:52 | INFO     | banking_rag.chunking.contextual_chunker:process:76 - Added contextual headers to 2 chunks for dataset.jsonl
2026-08-01 14:35:52 | INFO     | banking_rag.chunking.chunker:chunk_document:94 - Chunked document 2c226caa-ec96-4768-b3f3-f49ec52ff91a into 2 text chunks.
2026-08-01 14:35:52 | INFO     | banking_rag.chunking.contextual_chunker:process:76 - Added contextual headers to 2 chunks for dataset.jsonl
2026-08-01 14:35:52 | INFO     | banking_rag.chunking.chunker:chunk_document:94 - Chunked document 6bc46830-2b8a-48c8-b878-20b7e1e731e4 into 2 text chunks.
2026-08-01 14:35:52 | INFO     | banking_rag.chunking.contextual_chunker:process:76 - Added contextual headers to 2 chunks for dataset.jsonl
2026-08-01 14:35:52 | INFO     | banking_rag.chunking.chunker:chunk_document:94 - Chunked document db451d95-92a7-4787-a6d6-3d408df427ef into 2 text chunks.
2026-08-01 14:35:52 | INFO     | banking_rag.chunking.contextual_chunker:process:76 - Added contextual headers to 2 chunks for dataset.jsonl
2026-08-01 14:35:52 | INFO     | banking_rag.chunking.chunker:chunk_document:94 - Chunked document b69f5f20-36a3-436e-bdae-cae52a235573 into 2 text chunks.
2026-08-01 14:35:52 | INFO     | banking_rag.chunking.contextual_chunker:process:76 - Added contextual headers to 2 chunks for dataset.jsonl
2026-08-01 14:35:52 | INFO     | banking_rag.chunking.chunker:chunk_document:94 - Chunked document 7bb5cfb9-9cd2-47c3-bc8a-d1f91a5e8216 into 2 text chunks.
2026-08-01 14:35:52 | INFO     | banking_rag.chunking.contextual_chunker:process:76 - Added contextual headers to 2 chunks for dataset.jsonl
2026-08-01 14:35:52 | INFO     | banking_rag.chunking.chunker:chunk_document:94 - Chunked document 0eea7335-4a6e-46a0-8864-c10db9c857f4 into 2 text chunks.
2026-08-01 14:35:52 | INFO     | banking_rag.chunking.contextual_chunker:process:76 - Added contextual headers to 2 chunks for dataset.jsonl
2026-08-01 14:35:52 | INFO     | banking_rag.chunking.chunker:chunk_document:94 - Chunked document 7c9bdbbe-79e3-4622-84f1-ddc4c3cdb514 into 2 text chunks.
2026-08-01 14:35:52 | INFO     | banking_rag.chunking.contextual_chunker:process:76 - Added contextual headers to 2 chunks for dataset.jsonl
2026-08-01 14:35:52 | INFO     | banking_rag.chunking.chunker:chunk_document:94 - Chunked document 2e3a8294-daf8-4f62-b047-137e4d0d1c54 into 2 text chunks.
2026-08-01 14:35:52 | INFO     | banking_rag.chunking.contextual_chunker:process:76 - Added contextual headers to 2 chunks for dataset.jsonl
2026-08-01 14:35:52 | INFO     | banking_rag.chunking.chunker:chunk_document:94 - Chunked document 0ff88f30-c1b3-45e4-bfce-7e11f1ea9996 into 2 text chunks.
2026-08-01 14:35:52 | INFO     | banking_rag.chunking.contextual_chunker:process:76 - Added contextual headers to 2 chunks for dataset.jsonl
2026-08-01 14:35:52 | INFO     | banking_rag.chunking.chunker:chunk_document:94 - Chunked document 009e7be7-07f9-4cfa-8e3b-c3c8e2ab13da into 2 text chunks.
2026-08-01 14:35:52 | INFO     | banking_rag.chunking.contextual_chunker:process:76 - Added contextual headers to 2 chunks for dataset.jsonl
2026-08-01 14:35:52 | INFO     | banking_rag.chunking.chunker:chunk_document:94 - Chunked document 4db9cfaa-4d77-4745-8446-ec23662a878e into 2 text chunks.
2026-08-01 14:35:52 | INFO     | banking_rag.chunking.contextual_chunker:process:76 - Added contextual headers to 2 chunks for dataset.jsonl
2026-08-01 14:35:52 | INFO     | banking_rag.chunking.chunker:chunk_document:94 - Chunked document b62d3a1c-c5b2-4a7e-b4f2-850e86048aa5 into 2 text chunks.
2026-08-01 14:35:52 | INFO     | banking_rag.chunking.contextual_chunker:process:76 - Added contextual headers to 2 chunks for dataset.jsonl
2026-08-01 14:35:52 | INFO     | banking_rag.chunking.chunker:chunk_document:94 - Chunked document 953cc970-bb0c-45a3-ab47-df6a55118889 into 2 text chunks.
2026-08-01 14:35:52 | INFO     | banking_rag.chunking.contextual_chunker:process:76 - Added contextual headers to 2 chunks for dataset.jsonl
2026-08-01 14:35:52 | INFO     | banking_rag.chunking.chunker:chunk_document:94 - Chunked document 56b98a6d-9688-4e75-b5ff-8cca4e685d67 into 2 text chunks.
2026-08-01 14:35:52 | INFO     | banking_rag.chunking.contextual_chunker:process:76 - Added contextual headers to 2 chunks for dataset.jsonl
2026-08-01 14:35:52 | INFO     | banking_rag.chunking.chunker:chunk_document:94 - Chunked document 7cd8bb62-ad32-4761-8708-ef51bd740b0b into 2 text chunks.
2026-08-01 14:35:52 | INFO     | banking_rag.chunking.contextual_chunker:process:76 - Added contextual headers to 2 chunks for dataset.jsonl
2026-08-01 14:35:52 | INFO     | banking_rag.chunking.chunker:chunk_document:94 - Chunked document a1be2848-afc2-4b9c-9a9c-4cdaf25d359e into 2 text chunks.
2026-08-01 14:35:52 | INFO     | banking_rag.chunking.contextual_chunker:process:76 - Added contextual headers to 2 chunks for dataset.jsonl
2026-08-01 14:35:52 | INFO     | banking_rag.chunking.chunker:chunk_document:94 - Chunked document 76a5206b-9879-4f45-a7e4-6c8940e0f679 into 2 text chunks.
2026-08-01 14:35:52 | INFO     | banking_rag.chunking.contextual_chunker:process:76 - Added contextual headers to 2 chunks for dataset.jsonl
2026-08-01 14:35:52 | INFO     | banking_rag.chunking.chunker:chunk_document:94 - Chunked document f4db7182-dbb0-4c69-a48b-ae47da8eda59 into 2 text chunks.
2026-08-01 14:35:52 | INFO     | banking_rag.chunking.contextual_chunker:process:76 - Added contextual headers to 2 chunks for dataset.jsonl
2026-08-01 14:35:52 | INFO     | banking_rag.chunking.chunker:chunk_document:94 - Chunked document f7d6d1e4-d4fc-4b43-8149-500384218c46 into 2 text chunks.
2026-08-01 14:35:52 | INFO     | banking_rag.chunking.contextual_chunker:process:76 - Added contextual headers to 2 chunks for dataset.jsonl
2026-08-01 14:35:52 | INFO     | banking_rag.chunking.chunker:chunk_document:94 - Chunked document 1df2ddd0-d9c0-4a87-802e-609590317d7f into 2 text chunks.
2026-08-01 14:35:52 | INFO     | banking_rag.chunking.contextual_chunker:process:76 - Added contextual headers to 2 chunks for dataset.jsonl
2026-08-01 14:35:52 | INFO     | banking_rag.chunking.chunker:chunk_document:94 - Chunked document 1a9fa73e-a9c5-4298-b4bd-d258326c8dcb into 2 text chunks.
2026-08-01 14:35:52 | INFO     | banking_rag.chunking.contextual_chunker:process:76 - Added contextual headers to 2 chunks for dataset.jsonl
2026-08-01 14:35:52 | INFO     | banking_rag.chunking.chunker:chunk_document:94 - Chunked document f0fb3685-d079-4472-9649-253a07d67fd8 into 2 text chunks.
2026-08-01 14:35:52 | INFO     | banking_rag.chunking.contextual_chunker:process:76 - Added contextual headers to 2 chunks for dataset.jsonl
2026-08-01 14:35:52 | INFO     | banking_rag.chunking.chunker:chunk_document:94 - Chunked document b82a21d9-8a04-454f-9d96-05aa9651f8cd into 2 text chunks.
2026-08-01 14:35:52 | INFO     | banking_rag.chunking.contextual_chunker:process:76 - Added contextual headers to 2 chunks for dataset.jsonl
2026-08-01 14:35:52 | INFO     | banking_rag.chunking.chunker:chunk_document:94 - Chunked document fba3c977-855c-4406-bf1a-f61b560c1b66 into 2 text chunks.
2026-08-01 14:35:52 | INFO     | banking_rag.chunking.contextual_chunker:process:76 - Added contextual headers to 2 chunks for dataset.jsonl
2026-08-01 14:35:52 | INFO     | banking_rag.chunking.chunker:chunk_document:94 - Chunked document d5691cc1-b07d-44b7-a27c-0324f5e49432 into 2 text chunks.
2026-08-01 14:35:52 | INFO     | banking_rag.chunking.contextual_chunker:process:76 - Added contextual headers to 2 chunks for dataset.jsonl
2026-08-01 14:35:52 | INFO     | banking_rag.chunking.chunker:chunk_document:94 - Chunked document dab4c274-b0c2-4d64-b491-9623538902fa into 2 text chunks.
2026-08-01 14:35:52 | INFO     | banking_rag.chunking.contextual_chunker:process:76 - Added contextual headers to 2 chunks for dataset.jsonl
2026-08-01 14:35:52 | INFO     | banking_rag.chunking.chunker:chunk_document:94 - Chunked document 1db5a7c7-60af-4dc2-955e-08eb97c6010f into 2 text chunks.
2026-08-01 14:35:52 | INFO     | banking_rag.chunking.contextual_chunker:process:76 - Added contextual headers to 2 chunks for dataset.jsonl
2026-08-01 14:35:52 | INFO     | banking_rag.chunking.chunker:chunk_document:94 - Chunked document 01be7e94-8a0f-4be0-b099-185292f35522 into 2 text chunks.
2026-08-01 14:35:52 | INFO     | banking_rag.chunking.contextual_chunker:process:76 - Added contextual headers to 2 chunks for dataset.jsonl
2026-08-01 14:35:52 | INFO     | banking_rag.chunking.chunker:chunk_document:94 - Chunked document 323d3cb8-895b-4afb-a41f-d090a3b97278 into 2 text chunks.
2026-08-01 14:35:52 | INFO     | banking_rag.chunking.contextual_chunker:process:76 - Added contextual headers to 2 chunks for dataset.jsonl
2026-08-01 14:35:52 | INFO     | banking_rag.chunking.chunker:chunk_document:94 - Chunked document e088766d-9cac-41ee-b761-e597c8691244 into 2 text chunks.
2026-08-01 14:35:52 | INFO     | banking_rag.chunking.contextual_chunker:process:76 - Added contextual headers to 2 chunks for dataset.jsonl
2026-08-01 14:35:52 | INFO     | banking_rag.chunking.chunker:chunk_document:94 - Chunked document e986f560-97af-4397-8325-819ae59c8695 into 2 text chunks.
2026-08-01 14:35:52 | INFO     | banking_rag.chunking.contextual_chunker:process:76 - Added contextual headers to 2 chunks for dataset.jsonl
2026-08-01 14:35:52 | INFO     | banking_rag.chunking.chunker:chunk_document:94 - Chunked document 79fef81c-7e89-43eb-8009-11aa6c87dd1a into 2 text chunks.
2026-08-01 14:35:52 | INFO     | banking_rag.chunking.contextual_chunker:process:76 - Added contextual headers to 2 chunks for dataset.jsonl
2026-08-01 14:35:52 | INFO     | banking_rag.chunking.chunker:chunk_document:94 - Chunked document 501e764d-f360-40bf-9c3d-94d2fb0b255c into 2 text chunks.
2026-08-01 14:35:52 | INFO     | banking_rag.chunking.contextual_chunker:process:76 - Added contextual headers to 2 chunks for dataset.jsonl
2026-08-01 14:35:52 | INFO     | banking_rag.chunking.chunker:chunk_document:94 - Chunked document 2e32f3f4-49ea-4174-b929-42fd0fb2cd34 into 2 text chunks.
2026-08-01 14:35:52 | INFO     | banking_rag.chunking.contextual_chunker:process:76 - Added contextual headers to 2 chunks for dataset.jsonl
2026-08-01 14:35:52 | INFO     | banking_rag.chunking.chunker:chunk_document:94 - Chunked document a08fae37-40ea-4f14-bdc1-6ad8f82d40c5 into 2 text chunks.
2026-08-01 14:35:52 | INFO     | banking_rag.chunking.contextual_chunker:process:76 - Added contextual headers to 2 chunks for dataset.jsonl
2026-08-01 14:35:52 | INFO     | banking_rag.chunking.chunker:chunk_document:94 - Chunked document c05a2524-7f92-4aac-8936-6c81346ea71e into 2 text chunks.
2026-08-01 14:35:52 | INFO     | banking_rag.chunking.contextual_chunker:process:76 - Added contextual headers to 2 chunks for dataset.jsonl
2026-08-01 14:35:52 | INFO     | banking_rag.chunking.chunker:chunk_document:94 - Chunked document 883ad578-64d4-4e14-bb54-1dec165a7692 into 2 text chunks.
2026-08-01 14:35:52 | INFO     | banking_rag.chunking.contextual_chunker:process:76 - Added contextual headers to 2 chunks for dataset.jsonl
2026-08-01 14:35:52 | INFO     | banking_rag.chunking.chunker:chunk_document:94 - Chunked document dd1d2d7d-114f-41c0-b0a9-6d3f5a25e839 into 2 text chunks.
2026-08-01 14:35:52 | INFO     | banking_rag.chunking.contextual_chunker:process:76 - Added contextual headers to 2 chunks for dataset.jsonl
2026-08-01 14:35:52 | INFO     | banking_rag.chunking.chunker:chunk_document:94 - Chunked document 07ce3b8b-5692-4596-84e3-0fd2038e62bc into 2 text chunks.
2026-08-01 14:35:52 | INFO     | banking_rag.chunking.contextual_chunker:process:76 - Added contextual headers to 2 chunks for dataset.jsonl
2026-08-01 14:35:52 | INFO     | banking_rag.chunking.chunker:chunk_document:94 - Chunked document f782b4bf-3e5d-4f54-95cf-3d25cd98c913 into 2 text chunks.
2026-08-01 14:35:52 | INFO     | banking_rag.chunking.contextual_chunker:process:76 - Added contextual headers to 2 chunks for dataset.jsonl
2026-08-01 14:35:52 | INFO     | banking_rag.chunking.chunker:chunk_document:94 - Chunked document 3476eb01-9a48-489a-8dcd-fd776e527170 into 2 text chunks.
2026-08-01 14:35:52 | INFO     | banking_rag.chunking.contextual_chunker:process:76 - Added contextual headers to 2 chunks for dataset.jsonl
2026-08-01 14:35:52 | INFO     | banking_rag.chunking.chunker:chunk_document:94 - Chunked document 2d745ca6-db45-42a8-be25-9cd001292621 into 2 text chunks.
2026-08-01 14:35:52 | INFO     | banking_rag.chunking.contextual_chunker:process:76 - Added contextual headers to 2 chunks for dataset.jsonl
2026-08-01 14:35:52 | INFO     | banking_rag.chunking.chunker:chunk_document:94 - Chunked document 3d011171-2b04-4910-974e-8ef8701c646d into 2 text chunks.
2026-08-01 14:35:52 | INFO     | banking_rag.chunking.contextual_chunker:process:76 - Added contextual headers to 2 chunks for dataset.jsonl
2026-08-01 14:35:52 | INFO     | banking_rag.chunking.chunker:chunk_document:94 - Chunked document a38369aa-494a-4771-b8ca-310e6c2440f0 into 2 text chunks.
2026-08-01 14:35:52 | INFO     | banking_rag.chunking.contextual_chunker:process:76 - Added contextual headers to 2 chunks for dataset.jsonl
2026-08-01 14:35:52 | INFO     | banking_rag.chunking.chunker:chunk_document:94 - Chunked document 36ba4cf6-9f8f-4b1a-ab97-00614868975d into 2 text chunks.
2026-08-01 14:35:52 | INFO     | banking_rag.chunking.contextual_chunker:process:76 - Added contextual headers to 2 chunks for dataset.jsonl
2026-08-01 14:35:52 | INFO     | banking_rag.chunking.chunker:chunk_document:94 - Chunked document 64be2b78-12bc-42cf-b8ac-f83f4013ae35 into 2 text chunks.
2026-08-01 14:35:52 | INFO     | banking_rag.chunking.contextual_chunker:process:76 - Added contextual headers to 2 chunks for dataset.jsonl
2026-08-01 14:35:52 | INFO     | banking_rag.chunking.chunker:chunk_document:94 - Chunked document 90363fe1-6b50-4ec3-bf2a-28853933873d into 2 text chunks.
2026-08-01 14:35:52 | INFO     | banking_rag.chunking.contextual_chunker:process:76 - Added contextual headers to 2 chunks for dataset.jsonl
2026-08-01 14:35:52 | INFO     | banking_rag.chunking.chunker:chunk_document:94 - Chunked document 28f829fb-30af-4884-b0c3-57387af19743 into 2 text chunks.
2026-08-01 14:35:52 | INFO     | banking_rag.chunking.contextual_chunker:process:76 - Added contextual headers to 2 chunks for dataset.jsonl
2026-08-01 14:35:52 | INFO     | banking_rag.chunking.chunker:chunk_document:94 - Chunked document e84c6ad2-ed91-44d8-b84f-ecb1dacbde69 into 2 text chunks.
2026-08-01 14:35:52 | INFO     | banking_rag.chunking.contextual_chunker:process:76 - Added contextual headers to 2 chunks for dataset.jsonl
2026-08-01 14:35:52 | INFO     | banking_rag.chunking.chunker:chunk_document:94 - Chunked document 91fd00c8-4aa1-4011-8e6b-845c7adb6e6d into 2 text chunks.
2026-08-01 14:35:52 | INFO     | banking_rag.chunking.contextual_chunker:process:76 - Added contextual headers to 2 chunks for dataset.jsonl
2026-08-01 14:35:52 | INFO     | banking_rag.chunking.chunker:chunk_document:94 - Chunked document b5f25520-124d-42e6-a2aa-b06e80acaee7 into 2 text chunks.
2026-08-01 14:35:52 | INFO     | banking_rag.chunking.contextual_chunker:process:76 - Added contextual headers to 2 chunks for dataset.jsonl
2026-08-01 14:35:52 | INFO     | banking_rag.chunking.chunker:chunk_document:94 - Chunked document 495f2728-7625-4c90-bd64-ad4e8ec14e9f into 2 text chunks.
2026-08-01 14:35:52 | INFO     | banking_rag.chunking.contextual_chunker:process:76 - Added contextual headers to 2 chunks for dataset.jsonl
2026-08-01 14:35:52 | INFO     | banking_rag.chunking.chunker:chunk_document:94 - Chunked document 05a884a8-f728-48c1-9302-7f5c0aebc33d into 2 text chunks.
2026-08-01 14:35:52 | INFO     | banking_rag.chunking.contextual_chunker:process:76 - Added contextual headers to 2 chunks for dataset.jsonl
2026-08-01 14:35:52 | INFO     | banking_rag.chunking.chunker:chunk_document:94 - Chunked document eb2768db-184e-4957-9403-2ad8a936e479 into 2 text chunks.
2026-08-01 14:35:52 | INFO     | banking_rag.chunking.contextual_chunker:process:76 - Added contextual headers to 2 chunks for dataset.jsonl
2026-08-01 14:35:52 | INFO     | banking_rag.chunking.chunker:chunk_document:94 - Chunked document 45c64368-3dcf-4260-9768-5f5e4287aee9 into 2 text chunks.
2026-08-01 14:35:52 | INFO     | banking_rag.chunking.contextual_chunker:process:76 - Added contextual headers to 2 chunks for dataset.jsonl
2026-08-01 14:35:52 | INFO     | banking_rag.chunking.chunker:chunk_document:94 - Chunked document a6e55297-db8d-47ee-8bc5-d52ea528cc8a into 2 text chunks.
2026-08-01 14:35:52 | INFO     | banking_rag.chunking.contextual_chunker:process:76 - Added contextual headers to 2 chunks for dataset.jsonl
2026-08-01 14:35:52 | INFO     | banking_rag.chunking.chunker:chunk_document:94 - Chunked document fa7da0df-b1ae-4244-ae79-5aa043d294f0 into 2 text chunks.
2026-08-01 14:35:52 | INFO     | banking_rag.chunking.contextual_chunker:process:76 - Added contextual headers to 2 chunks for dataset.jsonl
2026-08-01 14:35:52 | INFO     | banking_rag.chunking.chunker:chunk_document:94 - Chunked document 245b223d-c507-4adb-ae4d-cb8e75ef8def into 2 text chunks.
2026-08-01 14:35:52 | INFO     | banking_rag.chunking.contextual_chunker:process:76 - Added contextual headers to 2 chunks for dataset.jsonl
2026-08-01 14:35:52 | INFO     | banking_rag.chunking.chunker:chunk_document:94 - Chunked document e4797725-66b6-4814-bcfe-57a986f04757 into 2 text chunks.
2026-08-01 14:35:52 | INFO     | banking_rag.chunking.contextual_chunker:process:76 - Added contextual headers to 2 chunks for dataset.jsonl
2026-08-01 14:35:52 | INFO     | banking_rag.chunking.chunker:chunk_document:94 - Chunked document ffd9b2b0-3f02-4e43-90af-5a1e91759d36 into 2 text chunks.
2026-08-01 14:35:52 | INFO     | banking_rag.chunking.contextual_chunker:process:76 - Added contextual headers to 2 chunks for dataset.jsonl
2026-08-01 14:35:52 | INFO     | banking_rag.chunking.chunker:chunk_document:94 - Chunked document 917442be-2f26-46ee-a055-fabc5d86ab2a into 2 text chunks.
2026-08-01 14:35:52 | INFO     | banking_rag.chunking.contextual_chunker:process:76 - Added contextual headers to 2 chunks for dataset.jsonl
2026-08-01 14:35:52 | INFO     | banking_rag.chunking.chunker:chunk_document:94 - Chunked document 557be982-030d-4054-8234-eab9fb80947f into 2 text chunks.
2026-08-01 14:35:52 | INFO     | banking_rag.chunking.contextual_chunker:process:76 - Added contextual headers to 2 chunks for dataset.jsonl
2026-08-01 14:35:52 | INFO     | banking_rag.chunking.chunker:chunk_document:94 - Chunked document ed7d05d1-6683-44a1-8532-82be3fbc6e4f into 2 text chunks.
2026-08-01 14:35:52 | INFO     | banking_rag.chunking.contextual_chunker:process:76 - Added contextual headers to 2 chunks for dataset.jsonl
2026-08-01 14:35:52 | INFO     | banking_rag.chunking.chunker:chunk_document:94 - Chunked document 4b83bfc1-2557-4832-be43-ba95169254dd into 2 text chunks.
2026-08-01 14:35:52 | INFO     | banking_rag.chunking.contextual_chunker:process:76 - Added contextual headers to 2 chunks for dataset.jsonl
2026-08-01 14:35:52 | INFO     | banking_rag.chunking.chunker:chunk_document:94 - Chunked document 2a354205-dd51-459e-8b46-3896edad12ca into 2 text chunks.
2026-08-01 14:35:52 | INFO     | banking_rag.chunking.contextual_chunker:process:76 - Added contextual headers to 2 chunks for dataset.jsonl
2026-08-01 14:35:52 | INFO     | banking_rag.chunking.chunker:chunk_document:94 - Chunked document c385aa8c-29cb-4180-b252-a418175a38f5 into 2 text chunks.
2026-08-01 14:35:52 | INFO     | banking_rag.chunking.contextual_chunker:process:76 - Added contextual headers to 2 chunks for dataset.jsonl
2026-08-01 14:35:52 | INFO     | banking_rag.chunking.chunker:chunk_document:94 - Chunked document 1ffc5e40-ff86-4aa2-bd13-135500b8950f into 2 text chunks.
2026-08-01 14:35:52 | INFO     | banking_rag.chunking.contextual_chunker:process:76 - Added contextual headers to 2 chunks for dataset.jsonl
2026-08-01 14:35:52 | INFO     | banking_rag.chunking.chunker:chunk_document:94 - Chunked document 19087681-27f1-4761-85f6-cb77907d4800 into 2 text chunks.
2026-08-01 14:35:52 | INFO     | banking_rag.chunking.contextual_chunker:process:76 - Added contextual headers to 2 chunks for dataset.jsonl
2026-08-01 14:35:52 | INFO     | banking_rag.chunking.chunker:chunk_document:94 - Chunked document 905b66d3-5956-46db-8c30-414140b5ba6b into 2 text chunks.
2026-08-01 14:35:52 | INFO     | banking_rag.chunking.contextual_chunker:process:76 - Added contextual headers to 2 chunks for dataset.jsonl
2026-08-01 14:35:52 | INFO     | banking_rag.chunking.chunker:chunk_document:94 - Chunked document b3292924-783f-4231-bfeb-fdc439883a3f into 2 text chunks.
2026-08-01 14:35:52 | INFO     | banking_rag.chunking.contextual_chunker:process:76 - Added contextual headers to 2 chunks for dataset.jsonl
2026-08-01 14:35:52 | INFO     | banking_rag.chunking.chunker:chunk_document:94 - Chunked document ed87dc54-3912-427d-a50c-b14cba44492f into 2 text chunks.
2026-08-01 14:35:52 | INFO     | banking_rag.chunking.contextual_chunker:process:76 - Added contextual headers to 2 chunks for dataset.jsonl
2026-08-01 14:35:52 | INFO     | banking_rag.chunking.chunker:chunk_document:94 - Chunked document 775569b1-13ff-4824-8a38-d5a4bf74fd9b into 2 text chunks.
2026-08-01 14:35:52 | INFO     | banking_rag.chunking.contextual_chunker:process:76 - Added contextual headers to 2 chunks for dataset.jsonl
2026-08-01 14:35:52 | INFO     | banking_rag.chunking.chunker:chunk_document:94 - Chunked document 647546b8-b0ae-4452-b906-76fb763ea9e9 into 2 text chunks.
2026-08-01 14:35:52 | INFO     | banking_rag.chunking.contextual_chunker:process:76 - Added contextual headers to 2 chunks for dataset.jsonl
2026-08-01 14:35:52 | INFO     | banking_rag.chunking.chunker:chunk_document:94 - Chunked document 0aa37acb-ec29-4973-aae7-c89ec78e2216 into 2 text chunks.
2026-08-01 14:35:52 | INFO     | banking_rag.chunking.contextual_chunker:process:76 - Added contextual headers to 2 chunks for dataset.jsonl
2026-08-01 14:35:52 | INFO     | banking_rag.chunking.chunker:chunk_document:94 - Chunked document 6d435267-213e-490b-bbaf-5a23b1807e83 into 2 text chunks.
2026-08-01 14:35:52 | INFO     | banking_rag.chunking.contextual_chunker:process:76 - Added contextual headers to 2 chunks for dataset.jsonl
2026-08-01 14:35:52 | INFO     | banking_rag.chunking.chunker:chunk_document:94 - Chunked document d4e225c9-e286-4f43-a9d1-34cfff377cbd into 2 text chunks.
2026-08-01 14:35:52 | INFO     | banking_rag.chunking.contextual_chunker:process:76 - Added contextual headers to 2 chunks for dataset.jsonl
2026-08-01 14:35:52 | INFO     | banking_rag.chunking.chunker:chunk_document:94 - Chunked document c70e566b-c9c6-4595-9bee-70e14ecf40f6 into 2 text chunks.
2026-08-01 14:35:52 | INFO     | banking_rag.chunking.contextual_chunker:process:76 - Added contextual headers to 2 chunks for dataset.jsonl
2026-08-01 14:35:52 | INFO     | banking_rag.chunking.chunker:chunk_document:94 - Chunked document af67c835-b338-4272-83c4-559f6c31247a into 2 text chunks.
2026-08-01 14:35:52 | INFO     | banking_rag.chunking.contextual_chunker:process:76 - Added contextual headers to 2 chunks for dataset.jsonl
2026-08-01 14:35:52 | INFO     | banking_rag.chunking.chunker:chunk_document:94 - Chunked document 9b55904a-4db5-492b-b54e-aea13c6c8d2a into 2 text chunks.
2026-08-01 14:35:52 | INFO     | banking_rag.chunking.contextual_chunker:process:76 - Added contextual headers to 2 chunks for dataset.jsonl
2026-08-01 14:35:52 | INFO     | banking_rag.chunking.chunker:chunk_document:94 - Chunked document 35c9056d-d57d-4945-81d8-a4a2486261a1 into 2 text chunks.
2026-08-01 14:35:52 | INFO     | banking_rag.chunking.contextual_chunker:process:76 - Added contextual headers to 2 chunks for dataset.jsonl
2026-08-01 14:35:52 | INFO     | banking_rag.chunking.chunker:chunk_document:94 - Chunked document 146e5a6a-d574-4ff7-aa27-5992d8fa5a6a into 2 text chunks.
2026-08-01 14:35:52 | INFO     | banking_rag.chunking.contextual_chunker:process:76 - Added contextual headers to 2 chunks for dataset.jsonl
2026-08-01 14:35:52 | INFO     | banking_rag.chunking.chunker:chunk_document:94 - Chunked document 4dc35396-c0e6-4ce3-813f-5675ecbeb2f1 into 2 text chunks.
2026-08-01 14:35:52 | INFO     | banking_rag.chunking.contextual_chunker:process:76 - Added contextual headers to 2 chunks for dataset.jsonl
2026-08-01 14:35:52 | INFO     | banking_rag.chunking.chunker:chunk_document:94 - Chunked document 47d49617-1807-49d7-96dd-dd72352dae2a into 2 text chunks.
2026-08-01 14:35:52 | INFO     | banking_rag.chunking.contextual_chunker:process:76 - Added contextual headers to 2 chunks for dataset.jsonl
2026-08-01 14:35:52 | INFO     | banking_rag.chunking.chunker:chunk_document:94 - Chunked document 1c781493-5bb5-43d2-bd1c-707eddb3c7e1 into 2 text chunks.
2026-08-01 14:35:52 | INFO     | banking_rag.chunking.contextual_chunker:process:76 - Added contextual headers to 2 chunks for dataset.jsonl
2026-08-01 14:35:52 | INFO     | banking_rag.chunking.chunker:chunk_document:94 - Chunked document 32c4698b-c6a3-4336-8aa4-10f49048a1ed into 2 text chunks.
2026-08-01 14:35:52 | INFO     | banking_rag.chunking.contextual_chunker:process:76 - Added contextual headers to 2 chunks for dataset.jsonl
2026-08-01 14:35:52 | INFO     | banking_rag.chunking.chunker:chunk_document:94 - Chunked document 7e8407ed-4f30-483f-94b6-ac0d0f2724af into 2 text chunks.
2026-08-01 14:35:52 | INFO     | banking_rag.chunking.contextual_chunker:process:76 - Added contextual headers to 2 chunks for dataset.jsonl
2026-08-01 14:35:52 | INFO     | banking_rag.chunking.chunker:chunk_document:94 - Chunked document 0314e6ba-29cc-40c4-b247-a1dc0f7e7f7e into 2 text chunks.
2026-08-01 14:35:52 | INFO     | banking_rag.chunking.contextual_chunker:process:76 - Added contextual headers to 2 chunks for dataset.jsonl
2026-08-01 14:35:52 | INFO     | banking_rag.chunking.chunker:chunk_document:94 - Chunked document fb8326d2-03ef-4474-8467-6dd8ae0b92fe into 2 text chunks.
2026-08-01 14:35:52 | INFO     | banking_rag.chunking.contextual_chunker:process:76 - Added contextual headers to 2 chunks for dataset.jsonl
2026-08-01 14:35:52 | INFO     | banking_rag.chunking.chunker:chunk_document:94 - Chunked document f014db7f-5bfa-4cc6-974a-a63ee79fab6a into 2 text chunks.
2026-08-01 14:35:52 | INFO     | banking_rag.chunking.contextual_chunker:process:76 - Added contextual headers to 2 chunks for dataset.jsonl
2026-08-01 14:35:52 | INFO     | banking_rag.chunking.chunker:chunk_document:94 - Chunked document 03864b19-3eef-4272-8998-68943d3f83dd into 2 text chunks.
2026-08-01 14:35:52 | INFO     | banking_rag.chunking.contextual_chunker:process:76 - Added contextual headers to 2 chunks for dataset.jsonl
2026-08-01 14:35:52 | INFO     | banking_rag.chunking.chunker:chunk_document:94 - Chunked document e81e2548-2a26-49f5-9f6a-89cce54de86e into 2 text chunks.
2026-08-01 14:35:52 | INFO     | banking_rag.chunking.contextual_chunker:process:76 - Added contextual headers to 2 chunks for dataset.jsonl
2026-08-01 14:35:52 | INFO     | banking_rag.chunking.chunker:chunk_document:94 - Chunked document 871a58bc-69c1-4a4a-ac25-45f75fc8ad4e into 2 text chunks.
2026-08-01 14:35:52 | INFO     | banking_rag.chunking.contextual_chunker:process:76 - Added contextual headers to 2 chunks for dataset.jsonl
2026-08-01 14:35:52 | INFO     | banking_rag.chunking.chunker:chunk_document:94 - Chunked document 2ff08140-ad75-4880-9bef-375a3513570b into 2 text chunks.
2026-08-01 14:35:52 | INFO     | banking_rag.chunking.contextual_chunker:process:76 - Added contextual headers to 2 chunks for dataset.jsonl
2026-08-01 14:35:52 | INFO     | banking_rag.chunking.chunker:chunk_document:94 - Chunked document db1773dd-f027-42ab-a77a-9b27acc36b0e into 2 text chunks.
2026-08-01 14:35:52 | INFO     | banking_rag.chunking.contextual_chunker:process:76 - Added contextual headers to 2 chunks for dataset.jsonl
2026-08-01 14:35:52 | INFO     | banking_rag.chunking.chunker:chunk_document:94 - Chunked document a184a82d-2832-4e84-ba36-02e76739ce71 into 2 text chunks.
2026-08-01 14:35:52 | INFO     | banking_rag.chunking.contextual_chunker:process:76 - Added contextual headers to 2 chunks for dataset.jsonl
2026-08-01 14:35:52 | INFO     | banking_rag.chunking.chunker:chunk_document:94 - Chunked document 8e32bef4-11a1-4f62-bf89-5d6365befb9f into 2 text chunks.
2026-08-01 14:35:52 | INFO     | banking_rag.chunking.contextual_chunker:process:76 - Added contextual headers to 2 chunks for dataset.jsonl
2026-08-01 14:35:52 | INFO     | banking_rag.chunking.chunker:chunk_document:94 - Chunked document 3611041c-cee5-4ab8-ad86-1c39b8773179 into 2 text chunks.
2026-08-01 14:35:52 | INFO     | banking_rag.chunking.contextual_chunker:process:76 - Added contextual headers to 2 chunks for dataset.jsonl
2026-08-01 14:35:52 | INFO     | banking_rag.chunking.chunker:chunk_document:94 - Chunked document af1d2c64-5d68-42fd-ab03-fec3a2d455f5 into 2 text chunks.
2026-08-01 14:35:52 | INFO     | banking_rag.chunking.contextual_chunker:process:76 - Added contextual headers to 2 chunks for dataset.jsonl
2026-08-01 14:35:52 | INFO     | banking_rag.chunking.chunker:chunk_document:94 - Chunked document a1d4be4f-36c2-4825-a930-25e4a93bb128 into 2 text chunks.
2026-08-01 14:35:52 | INFO     | banking_rag.chunking.contextual_chunker:process:76 - Added contextual headers to 2 chunks for dataset.jsonl
2026-08-01 14:35:52 | INFO     | banking_rag.chunking.chunker:chunk_document:94 - Chunked document 4d3ab502-b7a1-430e-b7c4-98966358f123 into 2 text chunks.
2026-08-01 14:35:52 | INFO     | banking_rag.chunking.contextual_chunker:process:76 - Added contextual headers to 2 chunks for dataset.jsonl
2026-08-01 14:35:52 | INFO     | banking_rag.chunking.chunker:chunk_document:94 - Chunked document 021b442a-b73f-4a82-97eb-0f4333137178 into 2 text chunks.
2026-08-01 14:35:52 | INFO     | banking_rag.chunking.contextual_chunker:process:76 - Added contextual headers to 2 chunks for dataset.jsonl
2026-08-01 14:35:52 | INFO     | banking_rag.chunking.chunker:chunk_document:94 - Chunked document 08ae6b0b-588e-4fb5-9ccd-a021cb762207 into 2 text chunks.
2026-08-01 14:35:52 | INFO     | banking_rag.chunking.contextual_chunker:process:76 - Added contextual headers to 2 chunks for dataset.jsonl
2026-08-01 14:35:52 | INFO     | banking_rag.chunking.chunker:chunk_document:94 - Chunked document eaf582cf-b8cf-4b97-bb0b-0b22edb11b7e into 2 text chunks.
2026-08-01 14:35:52 | INFO     | banking_rag.chunking.contextual_chunker:process:76 - Added contextual headers to 2 chunks for dataset.jsonl
2026-08-01 14:35:52 | INFO     | banking_rag.chunking.chunker:chunk_document:94 - Chunked document 134c1c37-3d18-44a6-8dea-2b84ffa1a5ff into 2 text chunks.
2026-08-01 14:35:52 | INFO     | banking_rag.chunking.contextual_chunker:process:76 - Added contextual headers to 2 chunks for dataset.jsonl
2026-08-01 14:35:52 | INFO     | banking_rag.chunking.chunker:chunk_document:94 - Chunked document 1fd8a88c-9579-42f1-a24a-8deda7a6b484 into 2 text chunks.
2026-08-01 14:35:52 | INFO     | banking_rag.chunking.contextual_chunker:process:76 - Added contextual headers to 2 chunks for dataset.jsonl
2026-08-01 14:35:52 | INFO     | banking_rag.chunking.chunker:chunk_document:94 - Chunked document c2afbaa7-485b-4f2e-9d4b-a38ba049071d into 2 text chunks.
2026-08-01 14:35:52 | INFO     | banking_rag.chunking.contextual_chunker:process:76 - Added contextual headers to 2 chunks for dataset.jsonl
2026-08-01 14:35:52 | INFO     | banking_rag.chunking.chunker:chunk_document:94 - Chunked document ba490cb4-f033-4eb4-aacb-0dc632b56cd8 into 2 text chunks.
2026-08-01 14:35:52 | INFO     | banking_rag.chunking.contextual_chunker:process:76 - Added contextual headers to 2 chunks for dataset.jsonl
2026-08-01 14:35:52 | INFO     | banking_rag.chunking.chunker:chunk_document:94 - Chunked document c62206c4-33eb-454f-ad9a-a8f9c21dea5b into 2 text chunks.
2026-08-01 14:35:52 | INFO     | banking_rag.chunking.contextual_chunker:process:76 - Added contextual headers to 2 chunks for dataset.jsonl
2026-08-01 14:35:52 | INFO     | banking_rag.chunking.chunker:chunk_document:94 - Chunked document d814311d-343b-41c9-8c19-65c7636b4d34 into 2 text chunks.
2026-08-01 14:35:52 | INFO     | banking_rag.chunking.contextual_chunker:process:76 - Added contextual headers to 2 chunks for dataset.jsonl
2026-08-01 14:35:52 | INFO     | banking_rag.chunking.chunker:chunk_document:94 - Chunked document 3cf74ee2-6797-4aab-ae48-1ac6f10683cc into 2 text chunks.
2026-08-01 14:35:52 | INFO     | banking_rag.chunking.contextual_chunker:process:76 - Added contextual headers to 2 chunks for dataset.jsonl
2026-08-01 14:35:52 | INFO     | banking_rag.chunking.chunker:chunk_document:94 - Chunked document dadb2488-17cb-487c-8159-f990e99f42d3 into 2 text chunks.
2026-08-01 14:35:52 | INFO     | banking_rag.chunking.contextual_chunker:process:76 - Added contextual headers to 2 chunks for dataset.jsonl
2026-08-01 14:35:52 | INFO     | banking_rag.chunking.chunker:chunk_document:94 - Chunked document c307d35d-868c-4a4a-8339-31e891e9e3ad into 2 text chunks.
2026-08-01 14:35:52 | INFO     | banking_rag.chunking.contextual_chunker:process:76 - Added contextual headers to 2 chunks for dataset.jsonl
2026-08-01 14:35:52 | INFO     | banking_rag.chunking.chunker:chunk_document:94 - Chunked document 73327f3a-ac95-4cf8-b407-ed8700c8519a into 2 text chunks.
2026-08-01 14:35:52 | INFO     | banking_rag.chunking.contextual_chunker:process:76 - Added contextual headers to 2 chunks for dataset.jsonl
2026-08-01 14:35:52 | INFO     | banking_rag.chunking.chunker:chunk_document:94 - Chunked document 2d4078ad-4201-4b70-b4d7-c95fa3c1d0c2 into 2 text chunks.
2026-08-01 14:35:52 | INFO     | banking_rag.chunking.contextual_chunker:process:76 - Added contextual headers to 2 chunks for dataset.jsonl
2026-08-01 14:35:52 | INFO     | banking_rag.chunking.chunker:chunk_document:94 - Chunked document 072a0a8f-0f18-421e-b5f8-73da3f324a54 into 2 text chunks.
2026-08-01 14:35:52 | INFO     | banking_rag.chunking.contextual_chunker:process:76 - Added contextual headers to 2 chunks for dataset.jsonl
2026-08-01 14:35:52 | INFO     | banking_rag.chunking.chunker:chunk_document:94 - Chunked document 91f07a46-3f19-4830-bc1b-a29e61a5244e into 2 text chunks.
2026-08-01 14:35:52 | INFO     | banking_rag.chunking.contextual_chunker:process:76 - Added contextual headers to 2 chunks for dataset.jsonl
2026-08-01 14:35:52 | INFO     | banking_rag.chunking.chunker:chunk_document:94 - Chunked document 144219e1-7eaa-4575-9d8c-4b33b933d7af into 2 text chunks.
2026-08-01 14:35:52 | INFO     | banking_rag.chunking.contextual_chunker:process:76 - Added contextual headers to 2 chunks for dataset.jsonl
2026-08-01 14:35:52 | INFO     | banking_rag.chunking.chunker:chunk_document:94 - Chunked document fc20418c-8d4f-4e12-8790-d50a41c65f2e into 2 text chunks.
2026-08-01 14:35:52 | INFO     | banking_rag.chunking.contextual_chunker:process:76 - Added contextual headers to 2 chunks for dataset.jsonl
2026-08-01 14:35:52 | INFO     | banking_rag.chunking.chunker:chunk_document:94 - Chunked document 375a96e5-0635-4553-8175-6829f2017a88 into 2 text chunks.
2026-08-01 14:35:52 | INFO     | banking_rag.chunking.contextual_chunker:process:76 - Added contextual headers to 2 chunks for dataset.jsonl
2026-08-01 14:35:52 | INFO     | banking_rag.chunking.chunker:chunk_document:94 - Chunked document 8038a996-c1e2-4762-b5ac-36c55f379443 into 2 text chunks.
2026-08-01 14:35:52 | INFO     | banking_rag.chunking.contextual_chunker:process:76 - Added contextual headers to 2 chunks for dataset.jsonl
2026-08-01 14:35:52 | INFO     | banking_rag.chunking.chunker:chunk_document:94 - Chunked document bf755313-ad7f-4330-a32a-4d0e988b8610 into 2 text chunks.
2026-08-01 14:35:52 | INFO     | banking_rag.chunking.contextual_chunker:process:76 - Added contextual headers to 2 chunks for dataset.jsonl
2026-08-01 14:35:52 | INFO     | banking_rag.chunking.chunker:chunk_document:94 - Chunked document 67c5c1aa-08b0-49d4-b1bb-e4897dbaab1a into 2 text chunks.
2026-08-01 14:35:52 | INFO     | banking_rag.chunking.contextual_chunker:process:76 - Added contextual headers to 2 chunks for dataset.jsonl
2026-08-01 14:35:52 | INFO     | banking_rag.chunking.chunker:chunk_document:94 - Chunked document 088b6ebd-9106-4838-921c-4c7221446e32 into 2 text chunks.
2026-08-01 14:35:52 | INFO     | banking_rag.chunking.contextual_chunker:process:76 - Added contextual headers to 2 chunks for dataset.jsonl
2026-08-01 14:35:52 | INFO     | banking_rag.chunking.chunker:chunk_document:94 - Chunked document 52f34085-d3b5-4eda-b23a-6e63a5f2ee35 into 2 text chunks.
2026-08-01 14:35:52 | INFO     | banking_rag.chunking.contextual_chunker:process:76 - Added contextual headers to 2 chunks for dataset.jsonl
2026-08-01 14:35:52 | INFO     | banking_rag.chunking.chunker:chunk_document:94 - Chunked document beadf3ed-c5a8-44a8-9e1d-40fd358dbe49 into 2 text chunks.
2026-08-01 14:35:52 | INFO     | banking_rag.chunking.contextual_chunker:process:76 - Added contextual headers to 2 chunks for dataset.jsonl
2026-08-01 14:35:52 | INFO     | banking_rag.chunking.chunker:chunk_document:94 - Chunked document 3344fbb0-fc8a-406e-89c3-570f85ec2090 into 2 text chunks.
2026-08-01 14:35:52 | INFO     | banking_rag.chunking.contextual_chunker:process:76 - Added contextual headers to 2 chunks for dataset.jsonl
2026-08-01 14:35:52 | INFO     | banking_rag.chunking.chunker:chunk_document:94 - Chunked document 5c68de6e-0ab2-4fc6-a577-f448d454d6c9 into 2 text chunks.
2026-08-01 14:35:52 | INFO     | banking_rag.chunking.contextual_chunker:process:76 - Added contextual headers to 2 chunks for dataset.jsonl
2026-08-01 14:35:52 | INFO     | banking_rag.chunking.chunker:chunk_document:94 - Chunked document 006c79ef-29ff-4609-af5d-2f17fc877bb1 into 2 text chunks.
2026-08-01 14:35:52 | INFO     | banking_rag.chunking.contextual_chunker:process:76 - Added contextual headers to 2 chunks for dataset.jsonl
2026-08-01 14:35:52 | INFO     | banking_rag.chunking.chunker:chunk_document:94 - Chunked document fb33738a-a05c-4b5c-b3fe-e6795182dc54 into 2 text chunks.
2026-08-01 14:35:52 | INFO     | banking_rag.chunking.contextual_chunker:process:76 - Added contextual headers to 2 chunks for dataset.jsonl
2026-08-01 14:35:52 | INFO     | banking_rag.chunking.chunker:chunk_document:94 - Chunked document fb83811c-4b9d-4d6a-9067-81d4544d65f0 into 2 text chunks.
2026-08-01 14:35:52 | INFO     | banking_rag.chunking.contextual_chunker:process:76 - Added contextual headers to 2 chunks for dataset.jsonl
2026-08-01 14:35:52 | INFO     | banking_rag.chunking.chunker:chunk_document:94 - Chunked document fe71a7a9-446f-47e7-b0ac-83361231e911 into 2 text chunks.
2026-08-01 14:35:52 | INFO     | banking_rag.chunking.contextual_chunker:process:76 - Added contextual headers to 2 chunks for dataset.jsonl
2026-08-01 14:35:52 | INFO     | banking_rag.chunking.chunker:chunk_document:94 - Chunked document d687e8fe-2ff1-4743-9ed6-1380f402ec53 into 2 text chunks.
2026-08-01 14:35:52 | INFO     | banking_rag.chunking.contextual_chunker:process:76 - Added contextual headers to 2 chunks for dataset.jsonl
2026-08-01 14:35:52 | INFO     | banking_rag.chunking.chunker:chunk_document:94 - Chunked document 199788f9-bc28-4243-b6e5-329838ccfe73 into 2 text chunks.
2026-08-01 14:35:52 | INFO     | banking_rag.chunking.contextual_chunker:process:76 - Added contextual headers to 2 chunks for dataset.jsonl
2026-08-01 14:35:52 | INFO     | banking_rag.chunking.chunker:chunk_document:94 - Chunked document 6c778441-0295-4054-892d-c422dda1874d into 2 text chunks.
2026-08-01 14:35:52 | INFO     | banking_rag.chunking.contextual_chunker:process:76 - Added contextual headers to 2 chunks for dataset.jsonl
2026-08-01 14:35:52 | INFO     | banking_rag.chunking.chunker:chunk_document:94 - Chunked document 7d15fc9a-97cd-491f-9a29-c96a258bb67c into 2 text chunks.
2026-08-01 14:35:52 | INFO     | banking_rag.chunking.contextual_chunker:process:76 - Added contextual headers to 2 chunks for dataset.jsonl
2026-08-01 14:35:52 | INFO     | banking_rag.chunking.chunker:chunk_document:94 - Chunked document 01d77c1f-5acc-43e4-8bdd-423b871bf9dc into 2 text chunks.
2026-08-01 14:35:52 | INFO     | banking_rag.chunking.contextual_chunker:process:76 - Added contextual headers to 2 chunks for dataset.jsonl
2026-08-01 14:35:52 | INFO     | banking_rag.chunking.chunker:chunk_document:94 - Chunked document ea0a35e7-6824-4145-bb51-5544a94d3772 into 2 text chunks.
2026-08-01 14:35:52 | INFO     | banking_rag.chunking.contextual_chunker:process:76 - Added contextual headers to 2 chunks for dataset.jsonl
2026-08-01 14:35:52 | INFO     | banking_rag.chunking.chunker:chunk_document:94 - Chunked document 11604c96-82be-4b2a-bbe7-c371a1f6ec6c into 2 text chunks.
2026-08-01 14:35:52 | INFO     | banking_rag.chunking.contextual_chunker:process:76 - Added contextual headers to 2 chunks for dataset.jsonl
2026-08-01 14:35:52 | INFO     | banking_rag.chunking.chunker:chunk_document:94 - Chunked document 8c4499cb-c2e1-49d9-a92b-a5544bc8791b into 2 text chunks.
2026-08-01 14:35:52 | INFO     | banking_rag.chunking.contextual_chunker:process:76 - Added contextual headers to 2 chunks for dataset.jsonl
2026-08-01 14:35:52 | INFO     | banking_rag.chunking.chunker:chunk_document:94 - Chunked document 0b840a69-43c4-4c41-818d-5a54ca3770f8 into 2 text chunks.
2026-08-01 14:35:52 | INFO     | banking_rag.chunking.contextual_chunker:process:76 - Added contextual headers to 2 chunks for dataset.jsonl
2026-08-01 14:35:52 | INFO     | banking_rag.chunking.chunker:chunk_document:94 - Chunked document a6fc238a-694b-4b00-8b0b-a0910c41ccfb into 2 text chunks.
2026-08-01 14:35:52 | INFO     | banking_rag.chunking.contextual_chunker:process:76 - Added contextual headers to 2 chunks for dataset.jsonl
2026-08-01 14:35:52 | INFO     | banking_rag.chunking.chunker:chunk_document:94 - Chunked document a5933022-085a-4bf4-90de-e0ee550e3951 into 2 text chunks.
2026-08-01 14:35:52 | INFO     | banking_rag.chunking.contextual_chunker:process:76 - Added contextual headers to 2 chunks for dataset.jsonl
2026-08-01 14:35:52 | INFO     | banking_rag.chunking.chunker:chunk_document:94 - Chunked document 590508fd-b623-4e70-8cde-9c2777187dc3 into 2 text chunks.
2026-08-01 14:35:52 | INFO     | banking_rag.chunking.contextual_chunker:process:76 - Added contextual headers to 2 chunks for dataset.jsonl
2026-08-01 14:35:52 | INFO     | banking_rag.chunking.chunker:chunk_document:94 - Chunked document d966f2f4-8fe7-426d-86ed-22000eaeb47c into 2 text chunks.
2026-08-01 14:35:52 | INFO     | banking_rag.chunking.contextual_chunker:process:76 - Added contextual headers to 2 chunks for dataset.jsonl
2026-08-01 14:35:52 | INFO     | banking_rag.chunking.chunker:chunk_document:94 - Chunked document 91e6e907-2366-4e8a-8db6-1594084c7774 into 2 text chunks.
2026-08-01 14:35:52 | INFO     | banking_rag.chunking.contextual_chunker:process:76 - Added contextual headers to 2 chunks for dataset.jsonl
2026-08-01 14:35:52 | INFO     | banking_rag.chunking.chunker:chunk_document:94 - Chunked document c9d2191f-67de-48e9-b176-fca363a4cf15 into 2 text chunks.
2026-08-01 14:35:52 | INFO     | banking_rag.chunking.contextual_chunker:process:76 - Added contextual headers to 2 chunks for dataset.jsonl
2026-08-01 14:35:52 | INFO     | banking_rag.chunking.chunker:chunk_document:94 - Chunked document 01a9f1cb-fa09-4f67-8a1b-46559826c2a2 into 2 text chunks.
2026-08-01 14:35:52 | INFO     | banking_rag.chunking.contextual_chunker:process:76 - Added contextual headers to 2 chunks for dataset.jsonl
2026-08-01 14:35:52 | INFO     | banking_rag.chunking.chunker:chunk_document:94 - Chunked document bc73472a-b96b-45e3-a072-0366c1589b9f into 2 text chunks.
2026-08-01 14:35:52 | INFO     | banking_rag.chunking.contextual_chunker:process:76 - Added contextual headers to 2 chunks for dataset.jsonl
2026-08-01 14:35:52 | INFO     | banking_rag.chunking.chunker:chunk_document:94 - Chunked document 99cecfe8-e519-49d0-8356-b57409fda96f into 2 text chunks.
2026-08-01 14:35:52 | INFO     | banking_rag.chunking.contextual_chunker:process:76 - Added contextual headers to 2 chunks for dataset.jsonl
2026-08-01 14:35:52 | INFO     | banking_rag.chunking.chunker:chunk_document:94 - Chunked document a587cc09-4116-4c7c-a097-9ea353942be2 into 2 text chunks.
2026-08-01 14:35:52 | INFO     | banking_rag.chunking.contextual_chunker:process:76 - Added contextual headers to 2 chunks for dataset.jsonl
2026-08-01 14:35:52 | INFO     | banking_rag.chunking.chunker:chunk_document:94 - Chunked document b266be0e-5f45-4be0-a01b-de95317b92fb into 2 text chunks.
2026-08-01 14:35:52 | INFO     | banking_rag.chunking.contextual_chunker:process:76 - Added contextual headers to 2 chunks for dataset.jsonl
2026-08-01 14:35:52 | INFO     | banking_rag.chunking.chunker:chunk_document:94 - Chunked document be839cb4-2906-4f36-995a-3700e1ec5b1a into 2 text chunks.
2026-08-01 14:35:52 | INFO     | banking_rag.chunking.contextual_chunker:process:76 - Added contextual headers to 2 chunks for dataset.jsonl
2026-08-01 14:35:52 | INFO     | banking_rag.chunking.chunker:chunk_document:94 - Chunked document b7c6f567-b02e-4c11-a5a9-2de0d64abc3b into 2 text chunks.
2026-08-01 14:35:52 | INFO     | banking_rag.chunking.contextual_chunker:process:76 - Added contextual headers to 2 chunks for dataset.jsonl
2026-08-01 14:35:52 | INFO     | banking_rag.chunking.chunker:chunk_document:94 - Chunked document a0842a06-5012-45fe-ace1-6cf2b9494691 into 2 text chunks.
2026-08-01 14:35:52 | INFO     | banking_rag.chunking.contextual_chunker:process:76 - Added contextual headers to 2 chunks for dataset.jsonl
2026-08-01 14:35:52 | INFO     | banking_rag.chunking.chunker:chunk_document:94 - Chunked document 60b8424b-61ce-4f5c-ace4-c6311a63110d into 2 text chunks.
2026-08-01 14:35:52 | INFO     | banking_rag.chunking.contextual_chunker:process:76 - Added contextual headers to 2 chunks for dataset.jsonl
2026-08-01 14:35:52 | INFO     | banking_rag.chunking.chunker:chunk_document:94 - Chunked document 1d0a0bce-9e4d-4b69-9d0f-b2c6eed3f6b8 into 2 text chunks.
2026-08-01 14:35:52 | INFO     | banking_rag.chunking.contextual_chunker:process:76 - Added contextual headers to 2 chunks for dataset.jsonl
2026-08-01 14:35:52 | INFO     | banking_rag.chunking.chunker:chunk_document:94 - Chunked document 1fed5891-4c1e-4e73-b682-eb1d90534c96 into 2 text chunks.
2026-08-01 14:35:52 | INFO     | banking_rag.chunking.contextual_chunker:process:76 - Added contextual headers to 2 chunks for dataset.jsonl
2026-08-01 14:35:52 | INFO     | banking_rag.chunking.chunker:chunk_document:94 - Chunked document 59391a2e-89a5-492c-afc4-c899d26a9935 into 2 text chunks.
2026-08-01 14:35:52 | INFO     | banking_rag.chunking.contextual_chunker:process:76 - Added contextual headers to 2 chunks for dataset.jsonl
2026-08-01 14:35:52 | INFO     | banking_rag.chunking.chunker:chunk_document:94 - Chunked document fe4c3db9-507e-45f5-a991-d6e08fd6b82f into 2 text chunks.
2026-08-01 14:35:52 | INFO     | banking_rag.chunking.contextual_chunker:process:76 - Added contextual headers to 2 chunks for dataset.jsonl
2026-08-01 14:35:52 | INFO     | banking_rag.chunking.chunker:chunk_document:94 - Chunked document a5d4f159-ed46-4325-84cb-9e0a87ca2e6c into 2 text chunks.
2026-08-01 14:35:52 | INFO     | banking_rag.chunking.contextual_chunker:process:76 - Added contextual headers to 2 chunks for dataset.jsonl
2026-08-01 14:35:52 | INFO     | banking_rag.chunking.chunker:chunk_document:94 - Chunked document 487958c6-13f8-4147-b39c-2ba871bfc0c3 into 2 text chunks.
2026-08-01 14:35:52 | INFO     | banking_rag.chunking.contextual_chunker:process:76 - Added contextual headers to 2 chunks for dataset.jsonl
2026-08-01 14:35:52 | INFO     | banking_rag.chunking.chunker:chunk_document:94 - Chunked document c19fb95c-efd8-4f63-a2f6-14653fc1ea8b into 2 text chunks.
2026-08-01 14:35:52 | INFO     | banking_rag.chunking.contextual_chunker:process:76 - Added contextual headers to 2 chunks for dataset.jsonl
2026-08-01 14:35:52 | INFO     | banking_rag.chunking.chunker:chunk_document:94 - Chunked document cdd503e1-023c-44e9-9f0f-ad2c005231b0 into 2 text chunks.
2026-08-01 14:35:52 | INFO     | banking_rag.chunking.contextual_chunker:process:76 - Added contextual headers to 2 chunks for dataset.jsonl
2026-08-01 14:35:52 | INFO     | banking_rag.chunking.chunker:chunk_document:94 - Chunked document 99f6f151-9417-4e6b-8b42-539a668c98c7 into 2 text chunks.
2026-08-01 14:35:52 | INFO     | banking_rag.chunking.contextual_chunker:process:76 - Added contextual headers to 2 chunks for dataset.jsonl
2026-08-01 14:35:52 | INFO     | banking_rag.chunking.chunker:chunk_document:94 - Chunked document 5435d055-bdd7-4d5f-8fff-3d4f6b2e6a8b into 2 text chunks.
2026-08-01 14:35:52 | INFO     | banking_rag.chunking.contextual_chunker:process:76 - Added contextual headers to 2 chunks for dataset.jsonl
2026-08-01 14:35:52 | INFO     | banking_rag.chunking.chunker:chunk_document:94 - Chunked document 66b428d4-412c-4260-b5de-09b37cd19875 into 2 text chunks.
2026-08-01 14:35:52 | INFO     | banking_rag.chunking.contextual_chunker:process:76 - Added contextual headers to 2 chunks for dataset.jsonl
2026-08-01 14:35:52 | INFO     | banking_rag.chunking.chunker:chunk_document:94 - Chunked document 565546f2-da02-40cb-a6e0-0298bdf40af8 into 2 text chunks.
2026-08-01 14:35:52 | INFO     | banking_rag.chunking.contextual_chunker:process:76 - Added contextual headers to 2 chunks for dataset.jsonl
2026-08-01 14:35:52 | INFO     | banking_rag.chunking.chunker:chunk_document:94 - Chunked document 7468345d-d995-4e78-ba67-5035fea81113 into 2 text chunks.
2026-08-01 14:35:52 | INFO     | banking_rag.chunking.contextual_chunker:process:76 - Added contextual headers to 2 chunks for dataset.jsonl
2026-08-01 14:35:52 | INFO     | banking_rag.chunking.chunker:chunk_document:94 - Chunked document 773c61e9-89b7-4628-82b8-e47f20c60c0a into 2 text chunks.
2026-08-01 14:35:52 | INFO     | banking_rag.chunking.contextual_chunker:process:76 - Added contextual headers to 2 chunks for dataset.jsonl
2026-08-01 14:35:52 | INFO     | banking_rag.chunking.chunker:chunk_document:94 - Chunked document f9e8c16b-957e-4670-bcee-044b6323b720 into 2 text chunks.
2026-08-01 14:35:52 | INFO     | banking_rag.chunking.contextual_chunker:process:76 - Added contextual headers to 2 chunks for dataset.jsonl
2026-08-01 14:35:52 | INFO     | banking_rag.chunking.chunker:chunk_document:94 - Chunked document d0d6730a-6f38-488a-aa62-6e160fabe1d7 into 2 text chunks.
2026-08-01 14:35:52 | INFO     | banking_rag.chunking.contextual_chunker:process:76 - Added contextual headers to 2 chunks for dataset.jsonl
2026-08-01 14:35:52 | INFO     | banking_rag.chunking.chunker:chunk_document:94 - Chunked document 8af93021-43ca-49f9-9e12-21db208a0153 into 2 text chunks.
2026-08-01 14:35:52 | INFO     | banking_rag.chunking.contextual_chunker:process:76 - Added contextual headers to 2 chunks for dataset.jsonl
2026-08-01 14:35:52 | INFO     | banking_rag.chunking.chunker:chunk_document:94 - Chunked document f7a069b2-8020-4a22-baff-dabe6c7887b3 into 2 text chunks.
2026-08-01 14:35:52 | INFO     | banking_rag.chunking.contextual_chunker:process:76 - Added contextual headers to 2 chunks for dataset.jsonl
2026-08-01 14:35:52 | INFO     | banking_rag.chunking.chunker:chunk_document:94 - Chunked document f64b75d0-6448-4933-98d7-aaf7a2fbe76d into 2 text chunks.
2026-08-01 14:35:52 | INFO     | banking_rag.chunking.contextual_chunker:process:76 - Added contextual headers to 2 chunks for dataset.jsonl
2026-08-01 14:35:52 | INFO     | banking_rag.chunking.chunker:chunk_document:94 - Chunked document f830ba37-7028-4b4a-84cc-b800db6fbc57 into 2 text chunks.
2026-08-01 14:35:52 | INFO     | banking_rag.chunking.contextual_chunker:process:76 - Added contextual headers to 2 chunks for dataset.jsonl
2026-08-01 14:35:52 | INFO     | banking_rag.chunking.chunker:chunk_document:94 - Chunked document c8d0706f-9d05-4119-98b8-7e92e7e650de into 2 text chunks.
2026-08-01 14:35:52 | INFO     | banking_rag.chunking.contextual_chunker:process:76 - Added contextual headers to 2 chunks for dataset.jsonl
2026-08-01 14:35:52 | INFO     | banking_rag.chunking.chunker:chunk_document:94 - Chunked document 4ac9a65e-b4d4-4896-842e-e931c0285c6f into 2 text chunks.
2026-08-01 14:35:52 | INFO     | banking_rag.chunking.contextual_chunker:process:76 - Added contextual headers to 2 chunks for dataset.jsonl
2026-08-01 14:35:52 | INFO     | banking_rag.chunking.chunker:chunk_document:94 - Chunked document e2ecc71e-3ca7-4d2f-bea4-cda73c5e9846 into 2 text chunks.
2026-08-01 14:35:52 | INFO     | banking_rag.chunking.contextual_chunker:process:76 - Added contextual headers to 2 chunks for dataset.jsonl
2026-08-01 14:35:52 | INFO     | banking_rag.chunking.chunker:chunk_document:94 - Chunked document 86b5c25a-2b3f-42a3-821b-5b02720c57df into 2 text chunks.
2026-08-01 14:35:52 | INFO     | banking_rag.chunking.contextual_chunker:process:76 - Added contextual headers to 2 chunks for dataset.jsonl
2026-08-01 14:35:52 | INFO     | banking_rag.chunking.chunker:chunk_document:94 - Chunked document a3998650-f8fb-40bf-9eee-cfe7a9d7c785 into 2 text chunks.
2026-08-01 14:35:52 | INFO     | banking_rag.chunking.contextual_chunker:process:76 - Added contextual headers to 2 chunks for dataset.jsonl
2026-08-01 14:35:52 | INFO     | banking_rag.chunking.chunker:chunk_document:94 - Chunked document 59f6a4af-b21a-493f-9973-324b52ffdc71 into 2 text chunks.
2026-08-01 14:35:52 | INFO     | banking_rag.chunking.contextual_chunker:process:76 - Added contextual headers to 2 chunks for dataset.jsonl
2026-08-01 14:35:52 | INFO     | banking_rag.chunking.chunker:chunk_document:94 - Chunked document 129b9a8e-f60b-487b-87cf-18b4dd9a5707 into 2 text chunks.
2026-08-01 14:35:52 | INFO     | banking_rag.chunking.contextual_chunker:process:76 - Added contextual headers to 2 chunks for dataset.jsonl
2026-08-01 14:35:52 | INFO     | banking_rag.chunking.chunker:chunk_document:94 - Chunked document 7295779b-de63-4e00-ab45-10c80ee6eef0 into 2 text chunks.
2026-08-01 14:35:52 | INFO     | banking_rag.chunking.contextual_chunker:process:76 - Added contextual headers to 2 chunks for dataset.jsonl
2026-08-01 14:35:52 | INFO     | banking_rag.chunking.chunker:chunk_document:94 - Chunked document a2f09e88-8128-4449-9d4f-6f9d5196898d into 2 text chunks.
2026-08-01 14:35:52 | INFO     | banking_rag.chunking.contextual_chunker:process:76 - Added contextual headers to 2 chunks for dataset.jsonl
2026-08-01 14:35:52 | INFO     | banking_rag.chunking.chunker:chunk_document:94 - Chunked document 29efb51d-ec12-4e0e-b921-513069831336 into 2 text chunks.
2026-08-01 14:35:52 | INFO     | banking_rag.chunking.contextual_chunker:process:76 - Added contextual headers to 2 chunks for dataset.jsonl
2026-08-01 14:35:52 | INFO     | banking_rag.chunking.chunker:chunk_document:94 - Chunked document dc300b35-ea0b-4804-9f58-22f46f85f7d8 into 2 text chunks.
2026-08-01 14:35:52 | INFO     | banking_rag.chunking.contextual_chunker:process:76 - Added contextual headers to 2 chunks for dataset.jsonl
2026-08-01 14:35:52 | INFO     | banking_rag.chunking.chunker:chunk_document:94 - Chunked document f1b419cf-804d-4bb6-af60-df13dd84ea5c into 2 text chunks.
2026-08-01 14:35:52 | INFO     | banking_rag.chunking.contextual_chunker:process:76 - Added contextual headers to 2 chunks for dataset.jsonl
2026-08-01 14:35:52 | INFO     | banking_rag.chunking.chunker:chunk_document:94 - Chunked document a48779e0-0962-44a5-8dc7-28711227b7a4 into 2 text chunks.
2026-08-01 14:35:52 | INFO     | banking_rag.chunking.contextual_chunker:process:76 - Added contextual headers to 2 chunks for dataset.jsonl
2026-08-01 14:35:52 | INFO     | banking_rag.chunking.chunker:chunk_document:94 - Chunked document 4b7dbbdf-478e-45e1-9b96-114c5544586e into 2 text chunks.
2026-08-01 14:35:52 | INFO     | banking_rag.chunking.contextual_chunker:process:76 - Added contextual headers to 2 chunks for dataset.jsonl
2026-08-01 14:35:52 | INFO     | banking_rag.chunking.chunker:chunk_document:94 - Chunked document 69469f8d-2417-4ae1-bd67-e7df538135d2 into 2 text chunks.
2026-08-01 14:35:52 | INFO     | banking_rag.chunking.contextual_chunker:process:76 - Added contextual headers to 2 chunks for dataset.jsonl
2026-08-01 14:35:52 | INFO     | banking_rag.chunking.chunker:chunk_document:94 - Chunked document e0408f32-7dec-473d-a2f2-9ff686fa1e50 into 2 text chunks.
2026-08-01 14:35:52 | INFO     | banking_rag.chunking.contextual_chunker:process:76 - Added contextual headers to 2 chunks for dataset.jsonl
2026-08-01 14:35:52 | INFO     | banking_rag.chunking.chunker:chunk_document:94 - Chunked document c0baf73d-1b24-4e17-9947-02d75b27493f into 2 text chunks.
2026-08-01 14:35:52 | INFO     | banking_rag.chunking.contextual_chunker:process:76 - Added contextual headers to 2 chunks for dataset.jsonl
2026-08-01 14:35:52 | INFO     | banking_rag.chunking.chunker:chunk_document:94 - Chunked document d6569dee-26c1-4e57-b336-0c4497358fe0 into 2 text chunks.
2026-08-01 14:35:52 | INFO     | banking_rag.chunking.contextual_chunker:process:76 - Added contextual headers to 2 chunks for dataset.jsonl
2026-08-01 14:35:52 | INFO     | banking_rag.chunking.chunker:chunk_document:94 - Chunked document e0d43c9e-2c9c-4db4-86dc-fdcd2afa763a into 2 text chunks.
2026-08-01 14:35:52 | INFO     | banking_rag.chunking.contextual_chunker:process:76 - Added contextual headers to 2 chunks for dataset.jsonl
2026-08-01 14:35:52 | INFO     | banking_rag.chunking.chunker:chunk_document:94 - Chunked document 53dc29c4-ae26-44eb-bc0c-5b775be10c60 into 2 text chunks.
2026-08-01 14:35:52 | INFO     | banking_rag.chunking.contextual_chunker:process:76 - Added contextual headers to 2 chunks for dataset.jsonl
2026-08-01 14:35:52 | INFO     | banking_rag.chunking.chunker:chunk_document:94 - Chunked document 0c733e47-2be9-4842-9995-2c3c0819fc94 into 2 text chunks.
2026-08-01 14:35:52 | INFO     | banking_rag.chunking.contextual_chunker:process:76 - Added contextual headers to 2 chunks for dataset.jsonl
2026-08-01 14:35:52 | INFO     | banking_rag.chunking.chunker:chunk_document:94 - Chunked document 2973c2cc-5f71-4939-b600-5e226efbe131 into 2 text chunks.
2026-08-01 14:35:52 | INFO     | banking_rag.chunking.contextual_chunker:process:76 - Added contextual headers to 2 chunks for dataset.jsonl
2026-08-01 14:35:52 | INFO     | banking_rag.chunking.chunker:chunk_document:94 - Chunked document beb0c80f-48c2-4f8d-b507-1fed55a27e1c into 2 text chunks.
2026-08-01 14:35:52 | INFO     | banking_rag.chunking.contextual_chunker:process:76 - Added contextual headers to 2 chunks for dataset.jsonl
2026-08-01 14:35:52 | INFO     | banking_rag.chunking.chunker:chunk_document:94 - Chunked document 819b176f-d5ef-4dcd-a4f8-37f95069ccbc into 2 text chunks.
2026-08-01 14:35:52 | INFO     | banking_rag.chunking.contextual_chunker:process:76 - Added contextual headers to 2 chunks for dataset.jsonl
2026-08-01 14:35:52 | INFO     | banking_rag.chunking.chunker:chunk_document:94 - Chunked document aeca9a0d-ec02-4035-9694-fedf0d5922b1 into 2 text chunks.
2026-08-01 14:35:52 | INFO     | banking_rag.chunking.contextual_chunker:process:76 - Added contextual headers to 2 chunks for dataset.jsonl
2026-08-01 14:35:52 | INFO     | banking_rag.chunking.chunker:chunk_document:94 - Chunked document bba6af93-9753-4cda-8360-8c2804cc2b51 into 2 text chunks.
2026-08-01 14:35:52 | INFO     | banking_rag.chunking.contextual_chunker:process:76 - Added contextual headers to 2 chunks for dataset.jsonl
2026-08-01 14:35:52 | INFO     | banking_rag.chunking.chunker:chunk_document:94 - Chunked document cb8d3c2d-c1ec-4482-9283-39737cb99c8c into 2 text chunks.
2026-08-01 14:35:52 | INFO     | banking_rag.chunking.contextual_chunker:process:76 - Added contextual headers to 2 chunks for dataset.jsonl
2026-08-01 14:35:52 | INFO     | banking_rag.chunking.chunker:chunk_document:94 - Chunked document af95f95c-9c8c-4636-b2c9-04cae117d4be into 2 text chunks.
2026-08-01 14:35:52 | INFO     | banking_rag.chunking.contextual_chunker:process:76 - Added contextual headers to 2 chunks for dataset.jsonl
2026-08-01 14:35:52 | INFO     | banking_rag.chunking.chunker:chunk_document:94 - Chunked document d4d11d40-23c4-496d-b1c8-3023476b0e07 into 2 text chunks.
2026-08-01 14:35:52 | INFO     | banking_rag.chunking.contextual_chunker:process:76 - Added contextual headers to 2 chunks for dataset.jsonl
2026-08-01 14:35:52 | INFO     | banking_rag.chunking.chunker:chunk_document:94 - Chunked document cc4c2d5e-cf1c-4d37-85ba-cc76f36abfc7 into 2 text chunks.
2026-08-01 14:35:52 | INFO     | banking_rag.chunking.contextual_chunker:process:76 - Added contextual headers to 2 chunks for dataset.jsonl
2026-08-01 14:35:52 | INFO     | banking_rag.chunking.chunker:chunk_document:94 - Chunked document 231cb08c-94c0-4bb7-8626-38d4cbcaa92b into 2 text chunks.
2026-08-01 14:35:52 | INFO     | banking_rag.chunking.contextual_chunker:process:76 - Added contextual headers to 2 chunks for dataset.jsonl
2026-08-01 14:35:52 | INFO     | banking_rag.chunking.chunker:chunk_document:94 - Chunked document fb4e5810-f30c-4cf7-b811-22332431729a into 2 text chunks.
2026-08-01 14:35:52 | INFO     | banking_rag.chunking.contextual_chunker:process:76 - Added contextual headers to 2 chunks for dataset.jsonl
2026-08-01 14:35:52 | INFO     | banking_rag.chunking.chunker:chunk_document:94 - Chunked document c1552ed5-de77-49f3-a7b9-a85370f23747 into 2 text chunks.
2026-08-01 14:35:52 | INFO     | banking_rag.chunking.contextual_chunker:process:76 - Added contextual headers to 2 chunks for dataset.jsonl
2026-08-01 14:35:52 | INFO     | banking_rag.chunking.chunker:chunk_document:94 - Chunked document a0e60698-943d-4d4a-9845-cad796bee579 into 2 text chunks.
2026-08-01 14:35:52 | INFO     | banking_rag.chunking.contextual_chunker:process:76 - Added contextual headers to 2 chunks for dataset.jsonl
2026-08-01 14:35:52 | INFO     | banking_rag.chunking.chunker:chunk_document:94 - Chunked document 66a55b05-e383-4746-87a1-42bf69e3084a into 2 text chunks.
2026-08-01 14:35:52 | INFO     | banking_rag.chunking.contextual_chunker:process:76 - Added contextual headers to 2 chunks for dataset.jsonl
2026-08-01 14:35:52 | INFO     | banking_rag.chunking.chunker:chunk_document:94 - Chunked document 1043e38e-2332-4356-a7b4-1cb2415b4df8 into 2 text chunks.
2026-08-01 14:35:52 | INFO     | banking_rag.chunking.contextual_chunker:process:76 - Added contextual headers to 2 chunks for dataset.jsonl
2026-08-01 14:35:52 | INFO     | banking_rag.chunking.chunker:chunk_document:94 - Chunked document 37359acd-5e9b-4c4e-a611-c8f69ee5d07c into 2 text chunks.
2026-08-01 14:35:52 | INFO     | banking_rag.chunking.contextual_chunker:process:76 - Added contextual headers to 2 chunks for dataset.jsonl
2026-08-01 14:35:52 | INFO     | banking_rag.chunking.chunker:chunk_document:94 - Chunked document e90a71f8-23cd-4de6-953b-58db5964f856 into 2 text chunks.
2026-08-01 14:35:52 | INFO     | banking_rag.chunking.contextual_chunker:process:76 - Added contextual headers to 2 chunks for dataset.jsonl
2026-08-01 14:35:52 | INFO     | banking_rag.chunking.chunker:chunk_document:94 - Chunked document 58af6afc-cd6e-4e80-ac80-54fddf88391d into 2 text chunks.
2026-08-01 14:35:52 | INFO     | banking_rag.chunking.contextual_chunker:process:76 - Added contextual headers to 2 chunks for dataset.jsonl
2026-08-01 14:35:52 | INFO     | banking_rag.chunking.chunker:chunk_document:94 - Chunked document 1aa187a8-6521-4587-8b95-b503202cbc02 into 2 text chunks.
2026-08-01 14:35:52 | INFO     | banking_rag.chunking.contextual_chunker:process:76 - Added contextual headers to 2 chunks for dataset.jsonl
2026-08-01 14:35:52 | INFO     | banking_rag.chunking.chunker:chunk_document:94 - Chunked document 9267e5f1-6aee-44bd-b46a-5c884a6a615f into 2 text chunks.
2026-08-01 14:35:52 | INFO     | banking_rag.chunking.contextual_chunker:process:76 - Added contextual headers to 2 chunks for dataset.jsonl
2026-08-01 14:35:52 | INFO     | banking_rag.chunking.chunker:chunk_document:94 - Chunked document 5bcaa76b-4261-4cbb-8b42-659f1ee492c4 into 2 text chunks.
2026-08-01 14:35:52 | INFO     | banking_rag.chunking.contextual_chunker:process:76 - Added contextual headers to 2 chunks for dataset.jsonl
2026-08-01 14:35:52 | INFO     | banking_rag.chunking.chunker:chunk_document:94 - Chunked document 7943269b-db26-4b73-8988-9dc916c1ba74 into 2 text chunks.
2026-08-01 14:35:52 | INFO     | banking_rag.chunking.contextual_chunker:process:76 - Added contextual headers to 2 chunks for dataset.jsonl
2026-08-01 14:35:52 | INFO     | banking_rag.chunking.chunker:chunk_document:94 - Chunked document 9ab30573-24f0-4d98-aef0-768fd108db99 into 2 text chunks.
2026-08-01 14:35:52 | INFO     | banking_rag.chunking.contextual_chunker:process:76 - Added contextual headers to 2 chunks for dataset.jsonl
2026-08-01 14:35:52 | INFO     | banking_rag.chunking.chunker:chunk_document:94 - Chunked document bfa03f61-0438-4996-9489-eb14aac9eeb7 into 2 text chunks.
2026-08-01 14:35:52 | INFO     | banking_rag.chunking.contextual_chunker:process:76 - Added contextual headers to 2 chunks for dataset.jsonl
2026-08-01 14:35:52 | INFO     | banking_rag.chunking.chunker:chunk_document:94 - Chunked document 158ee95f-07e6-4284-b6d5-d69f2c36f0f9 into 2 text chunks.
2026-08-01 14:35:52 | INFO     | banking_rag.chunking.contextual_chunker:process:76 - Added contextual headers to 2 chunks for dataset.jsonl
2026-08-01 14:35:52 | INFO     | banking_rag.chunking.chunker:chunk_document:94 - Chunked document b93111f3-576d-4611-87d6-1fdb88c163ed into 2 text chunks.
2026-08-01 14:35:52 | INFO     | banking_rag.chunking.contextual_chunker:process:76 - Added contextual headers to 2 chunks for dataset.jsonl
2026-08-01 14:35:52 | INFO     | banking_rag.chunking.chunker:chunk_document:94 - Chunked document aae946d9-6aee-4186-9326-7ecff069364d into 2 text chunks.
2026-08-01 14:35:52 | INFO     | banking_rag.chunking.contextual_chunker:process:76 - Added contextual headers to 2 chunks for dataset.jsonl
2026-08-01 14:35:52 | INFO     | banking_rag.chunking.chunker:chunk_document:94 - Chunked document bada79d2-8f1b-4f3e-bf05-3c85fb4dd9ff into 2 text chunks.
2026-08-01 14:35:52 | INFO     | banking_rag.chunking.contextual_chunker:process:76 - Added contextual headers to 2 chunks for dataset.jsonl
2026-08-01 14:35:52 | INFO     | banking_rag.chunking.chunker:chunk_document:94 - Chunked document 0a2e2490-49f1-477f-8d9d-d9ead6a2b21a into 2 text chunks.
2026-08-01 14:35:52 | INFO     | banking_rag.chunking.contextual_chunker:process:76 - Added contextual headers to 2 chunks for dataset.jsonl
2026-08-01 14:35:52 | INFO     | banking_rag.chunking.chunker:chunk_document:94 - Chunked document 3cc1dd90-5740-4100-8104-97ad9f3f8802 into 2 text chunks.
2026-08-01 14:35:52 | INFO     | banking_rag.chunking.contextual_chunker:process:76 - Added contextual headers to 2 chunks for dataset.jsonl
2026-08-01 14:35:52 | INFO     | banking_rag.chunking.chunker:chunk_document:94 - Chunked document cd3d8f61-dc77-4623-aa17-ece13d5b4f16 into 2 text chunks.
2026-08-01 14:35:52 | INFO     | banking_rag.chunking.contextual_chunker:process:76 - Added contextual headers to 2 chunks for dataset.jsonl
2026-08-01 14:35:52 | INFO     | banking_rag.chunking.chunker:chunk_document:94 - Chunked document 71d36e92-2a29-4bfb-a3f2-e1ece9662823 into 2 text chunks.
2026-08-01 14:35:52 | INFO     | banking_rag.chunking.contextual_chunker:process:76 - Added contextual headers to 2 chunks for dataset.jsonl
2026-08-01 14:35:52 | INFO     | banking_rag.chunking.chunker:chunk_document:94 - Chunked document 517a41e3-8d6d-48b9-a52e-8a1160422d74 into 2 text chunks.
2026-08-01 14:35:52 | INFO     | banking_rag.chunking.contextual_chunker:process:76 - Added contextual headers to 2 chunks for dataset.jsonl
2026-08-01 14:35:52 | INFO     | banking_rag.chunking.chunker:chunk_document:94 - Chunked document 3a7f494c-48b8-49ac-8436-14ece4c46082 into 2 text chunks.
2026-08-01 14:35:52 | INFO     | banking_rag.chunking.contextual_chunker:process:76 - Added contextual headers to 2 chunks for dataset.jsonl
2026-08-01 14:35:52 | INFO     | banking_rag.chunking.chunker:chunk_document:94 - Chunked document e5c632de-a587-4dff-8780-c642db1486b3 into 2 text chunks.
2026-08-01 14:35:52 | INFO     | banking_rag.chunking.contextual_chunker:process:76 - Added contextual headers to 2 chunks for dataset.jsonl
2026-08-01 14:35:52 | INFO     | banking_rag.chunking.chunker:chunk_document:94 - Chunked document c821ecd2-7449-4bb8-90c6-cddd83e318da into 2 text chunks.
2026-08-01 14:35:52 | INFO     | banking_rag.chunking.contextual_chunker:process:76 - Added contextual headers to 2 chunks for dataset.jsonl
2026-08-01 14:35:52 | INFO     | banking_rag.chunking.chunker:chunk_document:94 - Chunked document 5ab31604-f7af-4667-939d-9c6ae43c2e2a into 2 text chunks.
2026-08-01 14:35:52 | INFO     | banking_rag.chunking.contextual_chunker:process:76 - Added contextual headers to 2 chunks for dataset.jsonl
2026-08-01 14:35:52 | INFO     | banking_rag.chunking.chunker:chunk_document:94 - Chunked document 7f6ddd73-2e76-4e7c-84fe-767fad0c33a1 into 2 text chunks.
2026-08-01 14:35:52 | INFO     | banking_rag.chunking.contextual_chunker:process:76 - Added contextual headers to 2 chunks for dataset.jsonl
2026-08-01 14:35:52 | INFO     | banking_rag.chunking.chunker:chunk_document:94 - Chunked document 9c9079fb-cfe1-4348-8236-dcd3f53a5d25 into 2 text chunks.
2026-08-01 14:35:52 | INFO     | banking_rag.chunking.contextual_chunker:process:76 - Added contextual headers to 2 chunks for dataset.jsonl
2026-08-01 14:35:52 | INFO     | banking_rag.chunking.chunker:chunk_document:94 - Chunked document 629b48cb-e995-403b-a767-223121b572a8 into 3 text chunks.
2026-08-01 14:35:52 | INFO     | banking_rag.chunking.contextual_chunker:process:76 - Added contextual headers to 3 chunks for dataset.jsonl
2026-08-01 14:35:52 | INFO     | banking_rag.chunking.chunker:chunk_document:94 - Chunked document 84c097aa-f377-4c62-915b-930299b63cad into 2 text chunks.
2026-08-01 14:35:52 | INFO     | banking_rag.chunking.contextual_chunker:process:76 - Added contextual headers to 2 chunks for dataset.jsonl
2026-08-01 14:35:52 | INFO     | banking_rag.chunking.chunker:chunk_document:94 - Chunked document 93ef9286-bca3-47b0-94c9-5ecef7a2d3fa into 2 text chunks.
2026-08-01 14:35:52 | INFO     | banking_rag.chunking.contextual_chunker:process:76 - Added contextual headers to 2 chunks for dataset.jsonl
2026-08-01 14:35:52 | INFO     | banking_rag.chunking.chunker:chunk_document:94 - Chunked document 3f0cae97-1255-49ea-963c-b6966d11babf into 2 text chunks.
2026-08-01 14:35:52 | INFO     | banking_rag.chunking.contextual_chunker:process:76 - Added contextual headers to 2 chunks for dataset.jsonl
2026-08-01 14:35:52 | INFO     | banking_rag.chunking.chunker:chunk_document:94 - Chunked document 24a3f811-4322-4675-9899-f4151d1a9e83 into 2 text chunks.
2026-08-01 14:35:52 | INFO     | banking_rag.chunking.contextual_chunker:process:76 - Added contextual headers to 2 chunks for dataset.jsonl
2026-08-01 14:35:52 | INFO     | banking_rag.chunking.chunker:chunk_document:94 - Chunked document 782969e9-9714-44e6-828a-661129757d2b into 1 text chunks.
2026-08-01 14:35:52 | INFO     | banking_rag.chunking.contextual_chunker:process:76 - Added contextual headers to 1 chunks for dataset.jsonl
2026-08-01 14:35:52 | INFO     | banking_rag.chunking.chunker:chunk_document:94 - Chunked document 8e798183-6618-46ed-a91c-73bad9f71bf8 into 2 text chunks.
2026-08-01 14:35:52 | INFO     | banking_rag.chunking.contextual_chunker:process:76 - Added contextual headers to 2 chunks for dataset.jsonl
2026-08-01 14:35:52 | INFO     | banking_rag.chunking.chunker:chunk_document:94 - Chunked document f9e8ba2b-ab92-4071-b0a2-fea749e50da2 into 2 text chunks.
2026-08-01 14:35:52 | INFO     | banking_rag.chunking.contextual_chunker:process:76 - Added contextual headers to 2 chunks for dataset.jsonl
2026-08-01 14:35:52 | INFO     | banking_rag.chunking.chunker:chunk_document:94 - Chunked document 15570695-f40f-4d7a-abb1-eff8d9f6d139 into 2 text chunks.
2026-08-01 14:35:52 | INFO     | banking_rag.chunking.contextual_chunker:process:76 - Added contextual headers to 2 chunks for dataset.jsonl
2026-08-01 14:35:52 | INFO     | banking_rag.chunking.chunker:chunk_document:94 - Chunked document 13d40575-b272-472f-aa7b-dff62d78fbb7 into 2 text chunks.
2026-08-01 14:35:52 | INFO     | banking_rag.chunking.contextual_chunker:process:76 - Added contextual headers to 2 chunks for dataset.jsonl
2026-08-01 14:35:52 | INFO     | banking_rag.chunking.chunker:chunk_document:94 - Chunked document 9926eff0-5e7d-4b22-83fe-027d91e60e9a into 2 text chunks.
2026-08-01 14:35:52 | INFO     | banking_rag.chunking.contextual_chunker:process:76 - Added contextual headers to 2 chunks for dataset.jsonl
2026-08-01 14:35:52 | INFO     | banking_rag.chunking.chunker:chunk_document:94 - Chunked document 9f8f80bb-a49a-4f3b-9d2a-f52b00c89f29 into 2 text chunks.
2026-08-01 14:35:52 | INFO     | banking_rag.chunking.contextual_chunker:process:76 - Added contextual headers to 2 chunks for dataset.jsonl
2026-08-01 14:35:52 | INFO     | banking_rag.chunking.chunker:chunk_document:94 - Chunked document d8c92960-b756-4cac-9550-f1946458cf3e into 2 text chunks.
2026-08-01 14:35:52 | INFO     | banking_rag.chunking.contextual_chunker:process:76 - Added contextual headers to 2 chunks for dataset.jsonl
2026-08-01 14:35:52 | INFO     | banking_rag.chunking.chunker:chunk_document:94 - Chunked document 5ebaf9c9-a171-47ec-96f6-433331c048a8 into 2 text chunks.
2026-08-01 14:35:52 | INFO     | banking_rag.chunking.contextual_chunker:process:76 - Added contextual headers to 2 chunks for dataset.jsonl
2026-08-01 14:35:52 | INFO     | banking_rag.chunking.chunker:chunk_document:94 - Chunked document c1e829cd-002f-4105-ae49-cb1c54cded27 into 2 text chunks.
2026-08-01 14:35:52 | INFO     | banking_rag.chunking.contextual_chunker:process:76 - Added contextual headers to 2 chunks for dataset.jsonl
2026-08-01 14:35:52 | INFO     | banking_rag.chunking.chunker:chunk_document:94 - Chunked document eda214d1-6797-4d15-8948-2f92195de1ea into 3 text chunks.
2026-08-01 14:35:52 | INFO     | banking_rag.chunking.contextual_chunker:process:76 - Added contextual headers to 3 chunks for dataset.jsonl
2026-08-01 14:35:52 | INFO     | banking_rag.chunking.chunker:chunk_document:94 - Chunked document cf6ce198-ff70-4427-8617-1117060c2947 into 2 text chunks.
2026-08-01 14:35:52 | INFO     | banking_rag.chunking.contextual_chunker:process:76 - Added contextual headers to 2 chunks for dataset.jsonl
2026-08-01 14:35:52 | INFO     | banking_rag.chunking.chunker:chunk_document:94 - Chunked document d502b362-3e51-42cc-9d6d-9759e317abf2 into 8 text chunks.
2026-08-01 14:35:52 | INFO     | banking_rag.chunking.contextual_chunker:process:76 - Added contextual headers to 8 chunks for dataset.jsonl
2026-08-01 14:35:52 | INFO     | banking_rag.chunking.chunker:chunk_document:94 - Chunked document 5a9ca487-4ffd-4f76-aa3f-a478774b9224 into 2 text chunks.
2026-08-01 14:35:52 | INFO     | banking_rag.chunking.contextual_chunker:process:76 - Added contextual headers to 2 chunks for dataset.jsonl
2026-08-01 14:35:52 | INFO     | banking_rag.chunking.chunker:chunk_document:94 - Chunked document 82e00c01-1a31-464c-b934-ae697d696c59 into 6 text chunks.
2026-08-01 14:35:52 | INFO     | banking_rag.chunking.contextual_chunker:process:76 - Added contextual headers to 6 chunks for dataset.jsonl
2026-08-01 14:35:52 | INFO     | banking_rag.chunking.chunker:chunk_document:94 - Chunked document f1dc809a-f5c8-4b88-80d7-57fa3728e759 into 8 text chunks.
2026-08-01 14:35:52 | INFO     | banking_rag.chunking.contextual_chunker:process:76 - Added contextual headers to 8 chunks for dataset.jsonl
2026-08-01 14:35:52 | INFO     | banking_rag.chunking.chunker:chunk_document:94 - Chunked document eb162441-38a1-493d-a3a4-98e9863dc03e into 7 text chunks.
2026-08-01 14:35:52 | INFO     | banking_rag.chunking.contextual_chunker:process:76 - Added contextual headers to 7 chunks for dataset.jsonl
2026-08-01 14:35:52 | INFO     | banking_rag.chunking.chunker:chunk_document:94 - Chunked document 9ecdbfaa-cbef-4b47-a7b1-aa0e15674215 into 5 text chunks.
2026-08-01 14:35:52 | INFO     | banking_rag.chunking.contextual_chunker:process:76 - Added contextual headers to 5 chunks for dataset.jsonl
2026-08-01 14:35:52 | INFO     | banking_rag.chunking.chunker:chunk_document:94 - Chunked document 7d9d581d-7fbd-48b8-bac7-237d73c21282 into 2 text chunks.
2026-08-01 14:35:52 | INFO     | banking_rag.chunking.contextual_chunker:process:76 - Added contextual headers to 2 chunks for dataset.jsonl
2026-08-01 14:35:52 | INFO     | banking_rag.chunking.chunker:chunk_document:94 - Chunked document 497c91e5-8eb6-4eda-8332-eb795e2d196e into 6 text chunks.
2026-08-01 14:35:52 | INFO     | banking_rag.chunking.contextual_chunker:process:76 - Added contextual headers to 6 chunks for dataset.jsonl
2026-08-01 14:35:52 | INFO     | banking_rag.chunking.chunker:chunk_document:94 - Chunked document 4db83fd2-570c-4b04-b007-eea61f8b74f1 into 2 text chunks.
2026-08-01 14:35:52 | INFO     | banking_rag.chunking.contextual_chunker:process:76 - Added contextual headers to 2 chunks for dataset.jsonl
2026-08-01 14:35:52 | INFO     | banking_rag.chunking.chunker:chunk_document:94 - Chunked document 9c3cfd2b-0a62-4ec2-af91-7c6bb6b1d43f into 2 text chunks.
2026-08-01 14:35:52 | INFO     | banking_rag.chunking.contextual_chunker:process:76 - Added contextual headers to 2 chunks for dataset.jsonl
2026-08-01 14:35:52 | INFO     | banking_rag.chunking.chunker:chunk_document:94 - Chunked document f5839d8e-e2ac-4bd5-8854-fecadae56c09 into 5 text chunks.
2026-08-01 14:35:52 | INFO     | banking_rag.chunking.contextual_chunker:process:76 - Added contextual headers to 5 chunks for dataset.jsonl
2026-08-01 14:35:52 | INFO     | banking_rag.chunking.chunker:chunk_document:94 - Chunked document 038323c4-1f85-488b-b191-297d53dc4d9a into 2 text chunks.
2026-08-01 14:35:52 | INFO     | banking_rag.chunking.contextual_chunker:process:76 - Added contextual headers to 2 chunks for dataset.jsonl
2026-08-01 14:35:52 | INFO     | banking_rag.chunking.chunker:chunk_document:94 - Chunked document b6a7e665-691e-4963-84c5-e7e056077ecc into 5 text chunks.
2026-08-01 14:35:52 | INFO     | banking_rag.chunking.contextual_chunker:process:76 - Added contextual headers to 5 chunks for dataset.jsonl
2026-08-01 14:35:52 | INFO     | banking_rag.chunking.chunker:chunk_document:94 - Chunked document b605e804-5daa-43b6-b4f3-01afec939e04 into 2 text chunks.
2026-08-01 14:35:52 | INFO     | banking_rag.chunking.contextual_chunker:process:76 - Added contextual headers to 2 chunks for dataset.jsonl
2026-08-01 14:35:52 | INFO     | banking_rag.chunking.chunker:chunk_document:94 - Chunked document c1988c64-f2bb-4675-bf29-d4f0ca52edc3 into 2 text chunks.
2026-08-01 14:35:52 | INFO     | banking_rag.chunking.contextual_chunker:process:76 - Added contextual headers to 2 chunks for dataset.jsonl
2026-08-01 14:35:52 | INFO     | banking_rag.chunking.chunker:chunk_document:94 - Chunked document 44b37351-cf8c-4a76-af5d-4e4c335746cc into 3 text chunks.
2026-08-01 14:35:52 | INFO     | banking_rag.chunking.contextual_chunker:process:76 - Added contextual headers to 3 chunks for dataset.jsonl
2026-08-01 14:35:52 | INFO     | banking_rag.chunking.chunker:chunk_document:94 - Chunked document 9d639f59-47af-49c0-b580-2dd37d5574ab into 2 text chunks.
2026-08-01 14:35:52 | INFO     | banking_rag.chunking.contextual_chunker:process:76 - Added contextual headers to 2 chunks for dataset.jsonl
2026-08-01 14:35:52 | INFO     | banking_rag.chunking.chunker:chunk_document:94 - Chunked document e2575bd2-f84f-4dd3-921f-600233c66d9d into 7 text chunks.
2026-08-01 14:35:52 | INFO     | banking_rag.chunking.contextual_chunker:process:76 - Added contextual headers to 7 chunks for dataset.jsonl
2026-08-01 14:35:52 | INFO     | banking_rag.chunking.chunker:chunk_document:94 - Chunked document 10955210-3222-44ba-b20b-9e5e71eb8144 into 2 text chunks.
2026-08-01 14:35:52 | INFO     | banking_rag.chunking.contextual_chunker:process:76 - Added contextual headers to 2 chunks for dataset.jsonl
2026-08-01 14:35:52 | INFO     | banking_rag.chunking.chunker:chunk_document:94 - Chunked document f074188d-a7d2-46e8-a696-40130e86bcda into 3 text chunks.
2026-08-01 14:35:52 | INFO     | banking_rag.chunking.contextual_chunker:process:76 - Added contextual headers to 3 chunks for dataset.jsonl
2026-08-01 14:35:52 | INFO     | banking_rag.chunking.chunker:chunk_document:94 - Chunked document 4de0581d-3b74-47e5-b587-8a6fa6f26dd4 into 3 text chunks.
2026-08-01 14:35:52 | INFO     | banking_rag.chunking.contextual_chunker:process:76 - Added contextual headers to 3 chunks for dataset.jsonl
2026-08-01 14:35:52 | INFO     | banking_rag.chunking.chunker:chunk_document:94 - Chunked document 060e0b6e-7659-478a-b8e5-e29d7ff0f5f5 into 3 text chunks.
2026-08-01 14:35:52 | INFO     | banking_rag.chunking.contextual_chunker:process:76 - Added contextual headers to 3 chunks for dataset.jsonl
2026-08-01 14:35:52 | INFO     | banking_rag.chunking.chunker:chunk_document:94 - Chunked document c63dcef1-be41-441a-a3f6-b46bd2815f42 into 9 text chunks.
2026-08-01 14:35:52 | INFO     | banking_rag.chunking.contextual_chunker:process:76 - Added contextual headers to 9 chunks for dataset.jsonl
2026-08-01 14:35:52 | INFO     | banking_rag.chunking.chunker:chunk_document:94 - Chunked document c196d9e3-68f6-4398-977b-ba6d6d486a2d into 3 text chunks.
2026-08-01 14:35:52 | INFO     | banking_rag.chunking.contextual_chunker:process:76 - Added contextual headers to 3 chunks for dataset.jsonl
2026-08-01 14:35:52 | INFO     | banking_rag.chunking.chunker:chunk_document:94 - Chunked document d31a5990-0e93-4e2d-9108-0cd426dfe7d7 into 6 text chunks.
2026-08-01 14:35:52 | INFO     | banking_rag.chunking.contextual_chunker:process:76 - Added contextual headers to 6 chunks for dataset.jsonl
2026-08-01 14:35:52 | INFO     | banking_rag.chunking.chunker:chunk_document:94 - Chunked document 8a54ff58-9eea-4c0a-a1a9-37da6ba0c27e into 3 text chunks.
2026-08-01 14:35:52 | INFO     | banking_rag.chunking.contextual_chunker:process:76 - Added contextual headers to 3 chunks for dataset.jsonl
2026-08-01 14:35:52 | INFO     | banking_rag.chunking.chunker:chunk_document:94 - Chunked document 03e101fd-a640-4f01-bbc9-a812ce63fa5d into 3 text chunks.
2026-08-01 14:35:52 | INFO     | banking_rag.chunking.contextual_chunker:process:76 - Added contextual headers to 3 chunks for dataset.jsonl
2026-08-01 14:35:52 | INFO     | banking_rag.chunking.chunker:chunk_document:94 - Chunked document c5b456bf-2868-4f0f-9fdf-29150be6241b into 5 text chunks.
2026-08-01 14:35:52 | INFO     | banking_rag.chunking.contextual_chunker:process:76 - Added contextual headers to 5 chunks for dataset.jsonl
2026-08-01 14:35:52 | INFO     | banking_rag.chunking.chunker:chunk_document:94 - Chunked document b3da21f9-2255-4f6d-ae58-b0911e4fdef1 into 3 text chunks.
2026-08-01 14:35:52 | INFO     | banking_rag.chunking.contextual_chunker:process:76 - Added contextual headers to 3 chunks for dataset.jsonl
2026-08-01 14:35:52 | INFO     | banking_rag.chunking.chunker:chunk_document:94 - Chunked document 0a359021-d0ac-4eb6-bacb-bde9a918ef88 into 6 text chunks.
2026-08-01 14:35:52 | INFO     | banking_rag.chunking.contextual_chunker:process:76 - Added contextual headers to 6 chunks for dataset.jsonl
2026-08-01 14:35:52 | INFO     | banking_rag.chunking.chunker:chunk_document:94 - Chunked document d359c606-ac3c-4aef-b456-724b5c1a1e81 into 4 text chunks.
2026-08-01 14:35:52 | INFO     | banking_rag.chunking.contextual_chunker:process:76 - Added contextual headers to 4 chunks for dataset.jsonl
2026-08-01 14:35:52 | INFO     | banking_rag.chunking.chunker:chunk_document:94 - Chunked document 9c6d8ce9-cf41-45c2-a419-e07293636296 into 2 text chunks.
2026-08-01 14:35:52 | INFO     | banking_rag.chunking.contextual_chunker:process:76 - Added contextual headers to 2 chunks for dataset.jsonl
2026-08-01 14:35:52 | INFO     | banking_rag.chunking.chunker:chunk_document:94 - Chunked document 62d3decc-fbe0-423f-adb7-45b295ea98ab into 7 text chunks.
2026-08-01 14:35:52 | INFO     | banking_rag.chunking.contextual_chunker:process:76 - Added contextual headers to 7 chunks for dataset.jsonl
2026-08-01 14:35:52 | INFO     | banking_rag.chunking.chunker:chunk_document:94 - Chunked document 050c0cff-8e31-4857-9a04-2803c650c689 into 4 text chunks.
2026-08-01 14:35:52 | INFO     | banking_rag.chunking.contextual_chunker:process:76 - Added contextual headers to 4 chunks for dataset.jsonl
2026-08-01 14:35:52 | INFO     | banking_rag.chunking.chunker:chunk_document:94 - Chunked document 906be0fe-201f-4dc2-81ba-097426208c8d into 8 text chunks.
2026-08-01 14:35:52 | INFO     | banking_rag.chunking.contextual_chunker:process:76 - Added contextual headers to 8 chunks for dataset.jsonl
2026-08-01 14:35:52 | INFO     | banking_rag.chunking.chunker:chunk_document:94 - Chunked document c3e1cd38-058c-477e-8d48-7b20c2b8025d into 5 text chunks.
2026-08-01 14:35:52 | INFO     | banking_rag.chunking.contextual_chunker:process:76 - Added contextual headers to 5 chunks for dataset.jsonl
2026-08-01 14:35:52 | INFO     | banking_rag.chunking.chunker:chunk_document:94 - Chunked document 55085f53-afb3-423a-880a-3ff5857e684a into 4 text chunks.
2026-08-01 14:35:52 | INFO     | banking_rag.chunking.contextual_chunker:process:76 - Added contextual headers to 4 chunks for dataset.jsonl
2026-08-01 14:35:52 | INFO     | banking_rag.chunking.chunker:chunk_document:94 - Chunked document 21fc8ece-1335-4dc7-88a7-88475410c5d6 into 3 text chunks.
2026-08-01 14:35:52 | INFO     | banking_rag.chunking.contextual_chunker:process:76 - Added contextual headers to 3 chunks for dataset.jsonl
2026-08-01 14:35:52 | INFO     | banking_rag.chunking.chunker:chunk_document:94 - Chunked document d3d8d881-47d4-4b0d-a019-e22dee67b0d5 into 6 text chunks.
2026-08-01 14:35:52 | INFO     | banking_rag.chunking.contextual_chunker:process:76 - Added contextual headers to 6 chunks for dataset.jsonl
2026-08-01 14:35:52 | INFO     | banking_rag.chunking.chunker:chunk_document:94 - Chunked document e34815a3-aed3-4d4d-ae18-18560d61a240 into 6 text chunks.
2026-08-01 14:35:52 | INFO     | banking_rag.chunking.contextual_chunker:process:76 - Added contextual headers to 6 chunks for dataset.jsonl
2026-08-01 14:35:52 | INFO     | banking_rag.chunking.chunker:chunk_document:94 - Chunked document c2d7da21-2268-4e33-af1c-72ca3e6b218b into 5 text chunks.
2026-08-01 14:35:52 | INFO     | banking_rag.chunking.contextual_chunker:process:76 - Added contextual headers to 5 chunks for dataset.jsonl
2026-08-01 14:35:52 | INFO     | banking_rag.chunking.chunker:chunk_document:94 - Chunked document fea1aa40-f771-4f4c-8873-6c5cdcd2a8ef into 7 text chunks.
2026-08-01 14:35:52 | INFO     | banking_rag.chunking.contextual_chunker:process:76 - Added contextual headers to 7 chunks for dataset.jsonl
2026-08-01 14:35:52 | INFO     | banking_rag.chunking.chunker:chunk_document:94 - Chunked document e845dda1-2100-4286-9168-fcbc574bc11c into 5 text chunks.
2026-08-01 14:35:52 | INFO     | banking_rag.chunking.contextual_chunker:process:76 - Added contextual headers to 5 chunks for dataset.jsonl
2026-08-01 14:35:52 | INFO     | banking_rag.chunking.chunker:chunk_document:94 - Chunked document dc963a0d-5ec8-42fa-b520-e8dcadf7b430 into 6 text chunks.
2026-08-01 14:35:52 | INFO     | banking_rag.chunking.contextual_chunker:process:76 - Added contextual headers to 6 chunks for dataset.jsonl
2026-08-01 14:35:52 | INFO     | banking_rag.chunking.chunker:chunk_document:94 - Chunked document a62efc02-fa8d-4bc5-b55b-8dde1ed33c73 into 7 text chunks.
2026-08-01 14:35:52 | INFO     | banking_rag.chunking.contextual_chunker:process:76 - Added contextual headers to 7 chunks for dataset.jsonl
2026-08-01 14:35:52 | INFO     | banking_rag.chunking.chunker:chunk_document:94 - Chunked document 48a10e9e-a9fd-413f-af91-af409c3de557 into 4 text chunks.
2026-08-01 14:35:52 | INFO     | banking_rag.chunking.contextual_chunker:process:76 - Added contextual headers to 4 chunks for dataset.jsonl
2026-08-01 14:35:52 | INFO     | banking_rag.chunking.chunker:chunk_document:94 - Chunked document 4e94cfdd-2e8a-4a72-a94f-00eb0d12ca1a into 6 text chunks.
2026-08-01 14:35:52 | INFO     | banking_rag.chunking.contextual_chunker:process:76 - Added contextual headers to 6 chunks for dataset.jsonl
2026-08-01 14:35:52 | INFO     | banking_rag.chunking.chunker:chunk_document:94 - Chunked document e73f1949-e8fe-4746-8136-16aab4ec40dc into 5 text chunks.
2026-08-01 14:35:52 | INFO     | banking_rag.chunking.contextual_chunker:process:76 - Added contextual headers to 5 chunks for dataset.jsonl
2026-08-01 14:35:52 | INFO     | banking_rag.chunking.chunker:chunk_document:94 - Chunked document 0365590e-9e42-4c08-8d63-f1bc18b6a665 into 5 text chunks.
2026-08-01 14:35:52 | INFO     | banking_rag.chunking.contextual_chunker:process:76 - Added contextual headers to 5 chunks for dataset.jsonl
2026-08-01 14:35:52 | INFO     | banking_rag.chunking.chunker:chunk_document:94 - Chunked document 99aa5aa8-f8c1-4de1-8777-e5b31ddd6f5f into 4 text chunks.
2026-08-01 14:35:52 | INFO     | banking_rag.chunking.contextual_chunker:process:76 - Added contextual headers to 4 chunks for dataset.jsonl
2026-08-01 14:35:52 | INFO     | banking_rag.chunking.chunker:chunk_document:94 - Chunked document 8026cb0b-9252-474f-94c1-4b1fab5f5380 into 5 text chunks.
2026-08-01 14:35:52 | INFO     | banking_rag.chunking.contextual_chunker:process:76 - Added contextual headers to 5 chunks for dataset.jsonl
2026-08-01 14:35:52 | INFO     | banking_rag.chunking.chunker:chunk_document:94 - Chunked document 05fde637-e97a-4b15-977a-18de7c508123 into 6 text chunks.
2026-08-01 14:35:52 | INFO     | banking_rag.chunking.contextual_chunker:process:76 - Added contextual headers to 6 chunks for dataset.jsonl
2026-08-01 14:35:52 | INFO     | banking_rag.chunking.chunker:chunk_document:94 - Chunked document 654a3b30-4b37-4367-bc2a-65368a141559 into 6 text chunks.
2026-08-01 14:35:52 | INFO     | banking_rag.chunking.contextual_chunker:process:76 - Added contextual headers to 6 chunks for dataset.jsonl
2026-08-01 14:35:52 | INFO     | banking_rag.chunking.chunker:chunk_document:94 - Chunked document 91ea1027-dc1b-4d12-a94c-c1d406150511 into 8 text chunks.
2026-08-01 14:35:52 | INFO     | banking_rag.chunking.contextual_chunker:process:76 - Added contextual headers to 8 chunks for dataset.jsonl
2026-08-01 14:35:52 | INFO     | banking_rag.chunking.chunker:chunk_document:94 - Chunked document 17d82ad1-fc65-4939-a8e3-57ec6346d189 into 3 text chunks.
2026-08-01 14:35:52 | INFO     | banking_rag.chunking.contextual_chunker:process:76 - Added contextual headers to 3 chunks for dataset.jsonl
2026-08-01 14:35:52 | INFO     | banking_rag.chunking.chunker:chunk_document:94 - Chunked document 25eb1493-259d-40ef-9494-7aa96fb63cf1 into 4 text chunks.
2026-08-01 14:35:52 | INFO     | banking_rag.chunking.contextual_chunker:process:76 - Added contextual headers to 4 chunks for dataset.jsonl
2026-08-01 14:35:52 | INFO     | banking_rag.chunking.chunker:chunk_document:94 - Chunked document 384da7df-8cbd-4521-832d-54c3875c13bc into 7 text chunks.
2026-08-01 14:35:52 | INFO     | banking_rag.chunking.contextual_chunker:process:76 - Added contextual headers to 7 chunks for dataset.jsonl
2026-08-01 14:35:52 | INFO     | banking_rag.chunking.chunker:chunk_document:94 - Chunked document ad1a21aa-1873-4f6a-9fdd-0efb6c774765 into 6 text chunks.
2026-08-01 14:35:52 | INFO     | banking_rag.chunking.contextual_chunker:process:76 - Added contextual headers to 6 chunks for dataset.jsonl
2026-08-01 14:35:52 | INFO     | banking_rag.chunking.chunker:chunk_document:94 - Chunked document 5270b429-fed5-4478-91b1-48b944c05dc6 into 9 text chunks.
2026-08-01 14:35:52 | INFO     | banking_rag.chunking.contextual_chunker:process:76 - Added contextual headers to 9 chunks for dataset.jsonl
2026-08-01 14:35:52 | INFO     | banking_rag.chunking.chunker:chunk_document:94 - Chunked document 503b1a4a-e550-4db9-9964-da7bc7973869 into 4 text chunks.
2026-08-01 14:35:52 | INFO     | banking_rag.chunking.contextual_chunker:process:76 - Added contextual headers to 4 chunks for dataset.jsonl
2026-08-01 14:35:52 | INFO     | banking_rag.chunking.chunker:chunk_document:94 - Chunked document 20582168-aa37-4d92-9fcd-83c97bb6163f into 8 text chunks.
2026-08-01 14:35:52 | INFO     | banking_rag.chunking.contextual_chunker:process:76 - Added contextual headers to 8 chunks for dataset.jsonl
2026-08-01 14:35:52 | INFO     | banking_rag.chunking.chunker:chunk_document:94 - Chunked document b39d7cf5-d69a-4c40-adb7-7aa658f8bf7c into 3 text chunks.
2026-08-01 14:35:52 | INFO     | banking_rag.chunking.contextual_chunker:process:76 - Added contextual headers to 3 chunks for dataset.jsonl
2026-08-01 14:35:52 | INFO     | banking_rag.chunking.chunker:chunk_document:94 - Chunked document f3a0c6f7-f8dd-4675-9095-7016a14ea6a4 into 6 text chunks.
2026-08-01 14:35:52 | INFO     | banking_rag.chunking.contextual_chunker:process:76 - Added contextual headers to 6 chunks for dataset.jsonl
2026-08-01 14:35:52 | INFO     | banking_rag.chunking.chunker:chunk_document:94 - Chunked document 13496383-057d-438a-83ba-251900a9fe47 into 3 text chunks.
2026-08-01 14:35:52 | INFO     | banking_rag.chunking.contextual_chunker:process:76 - Added contextual headers to 3 chunks for dataset.jsonl
2026-08-01 14:35:52 | INFO     | banking_rag.chunking.chunker:chunk_document:94 - Chunked document 2e74f450-8df1-4e64-9d17-c07c3e74923a into 3 text chunks.
2026-08-01 14:35:52 | INFO     | banking_rag.chunking.contextual_chunker:process:76 - Added contextual headers to 3 chunks for dataset.jsonl
2026-08-01 14:35:52 | INFO     | banking_rag.chunking.chunker:chunk_document:94 - Chunked document 984c0ac8-1425-423b-81bc-73f2244bf131 into 2 text chunks.
2026-08-01 14:35:52 | INFO     | banking_rag.chunking.contextual_chunker:process:76 - Added contextual headers to 2 chunks for dataset.jsonl
2026-08-01 14:35:52 | INFO     | banking_rag.chunking.chunker:chunk_document:94 - Chunked document 908f20c1-9717-4208-a9ff-6de82fac0e81 into 5 text chunks.
2026-08-01 14:35:52 | INFO     | banking_rag.chunking.contextual_chunker:process:76 - Added contextual headers to 5 chunks for dataset.jsonl
2026-08-01 14:35:52 | INFO     | banking_rag.chunking.chunker:chunk_document:94 - Chunked document 91f8fab4-7f79-44e3-b784-d5ef546ff1ad into 5 text chunks.
2026-08-01 14:35:52 | INFO     | banking_rag.chunking.contextual_chunker:process:76 - Added contextual headers to 5 chunks for dataset.jsonl
2026-08-01 14:35:52 | INFO     | banking_rag.chunking.chunker:chunk_document:94 - Chunked document a04fcdca-a1a2-4ee7-b9c9-5e926559bc69 into 2 text chunks.
2026-08-01 14:35:52 | INFO     | banking_rag.chunking.contextual_chunker:process:76 - Added contextual headers to 2 chunks for dataset.jsonl
2026-08-01 14:35:52 | INFO     | banking_rag.chunking.chunker:chunk_document:94 - Chunked document 8f47ee00-1118-4067-9130-1c0360c678c7 into 2 text chunks.
2026-08-01 14:35:52 | INFO     | banking_rag.chunking.contextual_chunker:process:76 - Added contextual headers to 2 chunks for dataset.jsonl
2026-08-01 14:35:52 | INFO     | banking_rag.chunking.chunker:chunk_document:94 - Chunked document 2e068829-ada6-4cd7-8b62-ffa6235025f8 into 2 text chunks.
2026-08-01 14:35:52 | INFO     | banking_rag.chunking.contextual_chunker:process:76 - Added contextual headers to 2 chunks for dataset.jsonl
2026-08-01 14:35:52 | INFO     | banking_rag.chunking.chunker:chunk_document:94 - Chunked document 2629b99a-e4bd-4e9b-aa4c-850877134814 into 2 text chunks.
2026-08-01 14:35:52 | INFO     | banking_rag.chunking.contextual_chunker:process:76 - Added contextual headers to 2 chunks for dataset.jsonl
2026-08-01 14:35:52 | INFO     | banking_rag.chunking.chunker:chunk_document:94 - Chunked document 00ec560c-16fe-4585-9658-4004d43e336e into 2 text chunks.
2026-08-01 14:35:52 | INFO     | banking_rag.chunking.contextual_chunker:process:76 - Added contextual headers to 2 chunks for dataset.jsonl
2026-08-01 14:35:52 | INFO     | banking_rag.chunking.chunker:chunk_document:94 - Chunked document a8500ab9-8d38-4c31-9d6d-0d1bd3a273b2 into 4 text chunks.
2026-08-01 14:35:52 | INFO     | banking_rag.chunking.contextual_chunker:process:76 - Added contextual headers to 4 chunks for dataset.jsonl
2026-08-01 14:35:52 | INFO     | banking_rag.chunking.chunker:chunk_document:94 - Chunked document 4c8e5ff6-35b9-4236-8aff-43db50268518 into 6 text chunks.
2026-08-01 14:35:52 | INFO     | banking_rag.chunking.contextual_chunker:process:76 - Added contextual headers to 6 chunks for dataset.jsonl
2026-08-01 14:35:52 | INFO     | banking_rag.chunking.chunker:chunk_document:94 - Chunked document 0af7de7f-e55e-4098-a15e-6476587a73ff into 2 text chunks.
2026-08-01 14:35:52 | INFO     | banking_rag.chunking.contextual_chunker:process:76 - Added contextual headers to 2 chunks for dataset.jsonl
2026-08-01 14:35:52 | INFO     | banking_rag.chunking.chunker:chunk_document:94 - Chunked document a0fe06a9-83a0-4df5-b95f-00353718be1f into 8 text chunks.
2026-08-01 14:35:52 | INFO     | banking_rag.chunking.contextual_chunker:process:76 - Added contextual headers to 8 chunks for dataset.jsonl
2026-08-01 14:35:52 | INFO     | banking_rag.chunking.chunker:chunk_document:94 - Chunked document 8ae7188e-7083-44eb-869c-f75c4ca3fe25 into 6 text chunks.
2026-08-01 14:35:52 | INFO     | banking_rag.chunking.contextual_chunker:process:76 - Added contextual headers to 6 chunks for dataset.jsonl
2026-08-01 14:35:52 | INFO     | banking_rag.chunking.chunker:chunk_document:94 - Chunked document d0a1638e-3546-44ff-b4c5-a0e7af089bf6 into 4 text chunks.
2026-08-01 14:35:52 | INFO     | banking_rag.chunking.contextual_chunker:process:76 - Added contextual headers to 4 chunks for dataset.jsonl
2026-08-01 14:35:52 | INFO     | banking_rag.chunking.chunker:chunk_document:94 - Chunked document 3e850cd5-92aa-4127-9636-6ca05cc877e5 into 3 text chunks.
2026-08-01 14:35:52 | INFO     | banking_rag.chunking.contextual_chunker:process:76 - Added contextual headers to 3 chunks for dataset.jsonl
2026-08-01 14:35:52 | INFO     | banking_rag.chunking.chunker:chunk_document:94 - Chunked document edf51e55-adb0-4a7a-8c62-d95989bf144f into 3 text chunks.
2026-08-01 14:35:52 | INFO     | banking_rag.chunking.contextual_chunker:process:76 - Added contextual headers to 3 chunks for dataset.jsonl
2026-08-01 14:35:52 | INFO     | banking_rag.chunking.chunker:chunk_document:94 - Chunked document 2ab74d7d-e083-4492-904a-ee0a26bff857 into 6 text chunks.
2026-08-01 14:35:52 | INFO     | banking_rag.chunking.contextual_chunker:process:76 - Added contextual headers to 6 chunks for dataset.jsonl
2026-08-01 14:35:52 | INFO     | banking_rag.chunking.chunker:chunk_document:94 - Chunked document ece9857f-a620-453b-9463-5578f9edbbdb into 5 text chunks.
2026-08-01 14:35:52 | INFO     | banking_rag.chunking.contextual_chunker:process:76 - Added contextual headers to 5 chunks for dataset.jsonl
2026-08-01 14:35:52 | INFO     | banking_rag.chunking.chunker:chunk_document:94 - Chunked document f3c005ff-91e3-4bd6-9ed6-ef9b799b2cc1 into 6 text chunks.
2026-08-01 14:35:52 | INFO     | banking_rag.chunking.contextual_chunker:process:76 - Added contextual headers to 6 chunks for dataset.jsonl
2026-08-01 14:35:52 | INFO     | banking_rag.chunking.chunker:chunk_document:94 - Chunked document b5a05d62-c82c-41d8-a933-9a6744bdc47d into 6 text chunks.
2026-08-01 14:35:52 | INFO     | banking_rag.chunking.contextual_chunker:process:76 - Added contextual headers to 6 chunks for dataset.jsonl
2026-08-01 14:35:52 | INFO     | banking_rag.chunking.chunker:chunk_document:94 - Chunked document d5372955-b031-4531-bd5e-f9b0e5c94165 into 4 text chunks.
2026-08-01 14:35:52 | INFO     | banking_rag.chunking.contextual_chunker:process:76 - Added contextual headers to 4 chunks for dataset.jsonl
2026-08-01 14:35:52 | INFO     | banking_rag.chunking.chunker:chunk_document:94 - Chunked document 78994ee4-a464-4382-9046-26f3f48dfa10 into 5 text chunks.
2026-08-01 14:35:52 | INFO     | banking_rag.chunking.contextual_chunker:process:76 - Added contextual headers to 5 chunks for dataset.jsonl
2026-08-01 14:35:52 | INFO     | banking_rag.chunking.chunker:chunk_document:94 - Chunked document efaf0524-ba85-4c46-b9cb-2e6d84fcad0c into 6 text chunks.
2026-08-01 14:35:52 | INFO     | banking_rag.chunking.contextual_chunker:process:76 - Added contextual headers to 6 chunks for dataset.jsonl
2026-08-01 14:35:52 | INFO     | banking_rag.chunking.chunker:chunk_document:94 - Chunked document a4026536-e4d1-4fc1-b461-5321bc89ab18 into 6 text chunks.
2026-08-01 14:35:52 | INFO     | banking_rag.chunking.contextual_chunker:process:76 - Added contextual headers to 6 chunks for dataset.jsonl
2026-08-01 14:35:52 | INFO     | banking_rag.chunking.chunker:chunk_document:94 - Chunked document fec3f51b-1794-4980-9b18-bede74c6b0af into 5 text chunks.
2026-08-01 14:35:52 | INFO     | banking_rag.chunking.contextual_chunker:process:76 - Added contextual headers to 5 chunks for dataset.jsonl
2026-08-01 14:35:52 | INFO     | banking_rag.chunking.chunker:chunk_document:94 - Chunked document 21cc3d77-e0fd-401c-80e7-c7291168f792 into 5 text chunks.
2026-08-01 14:35:52 | INFO     | banking_rag.chunking.contextual_chunker:process:76 - Added contextual headers to 5 chunks for dataset.jsonl
2026-08-01 14:35:52 | INFO     | banking_rag.chunking.chunker:chunk_document:94 - Chunked document d8244401-ddb7-41d1-82e9-3ec14b6a8b3f into 6 text chunks.
2026-08-01 14:35:52 | INFO     | banking_rag.chunking.contextual_chunker:process:76 - Added contextual headers to 6 chunks for dataset.jsonl
2026-08-01 14:35:52 | INFO     | banking_rag.chunking.chunker:chunk_document:94 - Chunked document 37a45679-02a5-4c8e-a69e-8286829b898a into 5 text chunks.
2026-08-01 14:35:52 | INFO     | banking_rag.chunking.contextual_chunker:process:76 - Added contextual headers to 5 chunks for dataset.jsonl
2026-08-01 14:35:52 | INFO     | banking_rag.chunking.chunker:chunk_document:94 - Chunked document 9b821303-a59f-46b3-a158-32d106aa751d into 5 text chunks.
2026-08-01 14:35:52 | INFO     | banking_rag.chunking.contextual_chunker:process:76 - Added contextual headers to 5 chunks for dataset.jsonl
2026-08-01 14:35:52 | INFO     | banking_rag.chunking.chunker:chunk_document:94 - Chunked document fd6236e2-460d-4fd5-aab7-00d731d3b599 into 6 text chunks.
2026-08-01 14:35:52 | INFO     | banking_rag.chunking.contextual_chunker:process:76 - Added contextual headers to 6 chunks for dataset.jsonl
2026-08-01 14:35:52 | INFO     | banking_rag.chunking.chunker:chunk_document:94 - Chunked document 45639bcb-5bce-43d5-b2d5-63bcfc608af8 into 6 text chunks.
2026-08-01 14:35:52 | INFO     | banking_rag.chunking.contextual_chunker:process:76 - Added contextual headers to 6 chunks for dataset.jsonl
2026-08-01 14:35:52 | INFO     | banking_rag.chunking.chunker:chunk_document:94 - Chunked document 16a54bca-8ffb-45f9-9262-955b34a37bc5 into 6 text chunks.
2026-08-01 14:35:52 | INFO     | banking_rag.chunking.contextual_chunker:process:76 - Added contextual headers to 6 chunks for dataset.jsonl
2026-08-01 14:35:52 | INFO     | banking_rag.chunking.chunker:chunk_document:94 - Chunked document 69efaef0-4d35-4658-b4e1-2a6f1b4c31ad into 5 text chunks.
2026-08-01 14:35:52 | INFO     | banking_rag.chunking.contextual_chunker:process:76 - Added contextual headers to 5 chunks for dataset.jsonl
2026-08-01 14:35:52 | INFO     | banking_rag.chunking.chunker:chunk_document:94 - Chunked document 5217e4c0-3ec4-4f6f-bf4c-4648141da52c into 3 text chunks.
2026-08-01 14:35:52 | INFO     | banking_rag.chunking.contextual_chunker:process:76 - Added contextual headers to 3 chunks for dataset.jsonl
2026-08-01 14:35:52 | INFO     | banking_rag.chunking.chunker:chunk_document:94 - Chunked document 134fc569-4523-4c0e-9bac-b10170d28a45 into 2 text chunks.
2026-08-01 14:35:52 | INFO     | banking_rag.chunking.contextual_chunker:process:76 - Added contextual headers to 2 chunks for dataset.jsonl
2026-08-01 14:35:52 | INFO     | banking_rag.chunking.chunker:chunk_document:94 - Chunked document 460252b3-2a23-4e53-a8ea-9cf8351f58f2 into 6 text chunks.
2026-08-01 14:35:52 | INFO     | banking_rag.chunking.contextual_chunker:process:76 - Added contextual headers to 6 chunks for dataset.jsonl
2026-08-01 14:35:52 | INFO     | banking_rag.chunking.chunker:chunk_document:94 - Chunked document 848d1af2-48a6-476a-8a7f-9e3b586c50d4 into 7 text chunks.
2026-08-01 14:35:52 | INFO     | banking_rag.chunking.contextual_chunker:process:76 - Added contextual headers to 7 chunks for dataset.jsonl
2026-08-01 14:35:52 | INFO     | banking_rag.chunking.chunker:chunk_document:94 - Chunked document dad00a09-d388-46f0-8626-c572a6f12e33 into 9 text chunks.
2026-08-01 14:35:52 | INFO     | banking_rag.chunking.contextual_chunker:process:76 - Added contextual headers to 9 chunks for dataset.jsonl
2026-08-01 14:35:52 | INFO     | banking_rag.chunking.chunker:chunk_document:94 - Chunked document 2bb7327b-52fd-4b7e-9da6-0a75caf4eba9 into 4 text chunks.
2026-08-01 14:35:52 | INFO     | banking_rag.chunking.contextual_chunker:process:76 - Added contextual headers to 4 chunks for dataset.jsonl
2026-08-01 14:35:52 | INFO     | banking_rag.chunking.chunker:chunk_document:94 - Chunked document ed09dfd8-7fe3-413b-b46f-af67db0e5eeb into 7 text chunks.
2026-08-01 14:35:52 | INFO     | banking_rag.chunking.contextual_chunker:process:76 - Added contextual headers to 7 chunks for dataset.jsonl
2026-08-01 14:35:52 | INFO     | banking_rag.chunking.chunker:chunk_document:94 - Chunked document 414c684d-5627-4aa6-af10-4f776ac24c54 into 5 text chunks.
2026-08-01 14:35:52 | INFO     | banking_rag.chunking.contextual_chunker:process:76 - Added contextual headers to 5 chunks for dataset.jsonl
2026-08-01 14:35:52 | INFO     | banking_rag.chunking.chunker:chunk_document:94 - Chunked document 3feab92c-a8ea-44b4-850c-530bbb31d694 into 6 text chunks.
2026-08-01 14:35:52 | INFO     | banking_rag.chunking.contextual_chunker:process:76 - Added contextual headers to 6 chunks for dataset.jsonl
2026-08-01 14:35:52 | INFO     | banking_rag.chunking.chunker:chunk_document:94 - Chunked document 44c91b55-3d1b-48c4-b8a3-0b1537dfaf53 into 3 text chunks.
2026-08-01 14:35:52 | INFO     | banking_rag.chunking.contextual_chunker:process:76 - Added contextual headers to 3 chunks for dataset.jsonl
2026-08-01 14:35:52 | INFO     | banking_rag.chunking.chunker:chunk_document:94 - Chunked document cc4c2cd5-69c7-47a1-9103-144f9486a52c into 3 text chunks.
2026-08-01 14:35:52 | INFO     | banking_rag.chunking.contextual_chunker:process:76 - Added contextual headers to 3 chunks for dataset.jsonl
2026-08-01 14:35:52 | INFO     | banking_rag.chunking.chunker:chunk_document:94 - Chunked document 39ad8e29-f390-4912-bb95-38af60a03073 into 6 text chunks.
2026-08-01 14:35:52 | INFO     | banking_rag.chunking.contextual_chunker:process:76 - Added contextual headers to 6 chunks for dataset.jsonl
2026-08-01 14:35:52 | INFO     | banking_rag.chunking.chunker:chunk_document:94 - Chunked document 3e8001c3-09be-4503-a033-19153f82b220 into 2 text chunks.
2026-08-01 14:35:52 | INFO     | banking_rag.chunking.contextual_chunker:process:76 - Added contextual headers to 2 chunks for dataset.jsonl
2026-08-01 14:35:52 | INFO     | banking_rag.chunking.chunker:chunk_document:94 - Chunked document 23323916-f098-4e1c-afaf-37bdb6e423d6 into 2 text chunks.
2026-08-01 14:35:52 | INFO     | banking_rag.chunking.contextual_chunker:process:76 - Added contextual headers to 2 chunks for dataset.jsonl
2026-08-01 14:35:52 | INFO     | banking_rag.chunking.chunker:chunk_document:94 - Chunked document 09d8c6a1-db11-4ab5-ab45-f7dc37222cc6 into 4 text chunks.
2026-08-01 14:35:52 | INFO     | banking_rag.chunking.contextual_chunker:process:76 - Added contextual headers to 4 chunks for dataset.jsonl
2026-08-01 14:35:52 | INFO     | banking_rag.chunking.chunker:chunk_document:94 - Chunked document 7d7955f7-ff9e-4b60-a466-b12408aceabf into 2 text chunks.
2026-08-01 14:35:52 | INFO     | banking_rag.chunking.contextual_chunker:process:76 - Added contextual headers to 2 chunks for dataset.jsonl
2026-08-01 14:35:52 | INFO     | banking_rag.chunking.chunker:chunk_document:94 - Chunked document 2fba42a8-b8f6-4bee-8f7b-5e33d42b011e into 7 text chunks.
2026-08-01 14:35:52 | INFO     | banking_rag.chunking.contextual_chunker:process:76 - Added contextual headers to 7 chunks for dataset.jsonl
2026-08-01 14:35:52 | INFO     | banking_rag.chunking.chunker:chunk_document:94 - Chunked document 936fae50-0bc1-47ad-a54c-721174d7e54a into 2 text chunks.
2026-08-01 14:35:52 | INFO     | banking_rag.chunking.contextual_chunker:process:76 - Added contextual headers to 2 chunks for dataset.jsonl
2026-08-01 14:35:52 | INFO     | banking_rag.chunking.chunker:chunk_document:94 - Chunked document 896dc4f7-510e-45c7-9c7b-6c3e9e0b7fe5 into 3 text chunks.
2026-08-01 14:35:52 | INFO     | banking_rag.chunking.contextual_chunker:process:76 - Added contextual headers to 3 chunks for dataset.jsonl
2026-08-01 14:35:52 | INFO     | banking_rag.chunking.chunker:chunk_document:94 - Chunked document 5f67acf3-103c-4867-b646-c97f83ebd232 into 3 text chunks.
2026-08-01 14:35:52 | INFO     | banking_rag.chunking.contextual_chunker:process:76 - Added contextual headers to 3 chunks for dataset.jsonl
2026-08-01 14:35:52 | INFO     | banking_rag.chunking.chunker:chunk_document:94 - Chunked document 78618472-dba1-4683-b67a-e694da963d04 into 3 text chunks.
2026-08-01 14:35:52 | INFO     | banking_rag.chunking.contextual_chunker:process:76 - Added contextual headers to 3 chunks for dataset.jsonl
2026-08-01 14:35:52 | INFO     | banking_rag.chunking.chunker:chunk_document:94 - Chunked document e2e69704-7d4d-48cf-a8cf-d3a8a8d281b1 into 9 text chunks.
2026-08-01 14:35:52 | INFO     | banking_rag.chunking.contextual_chunker:process:76 - Added contextual headers to 9 chunks for dataset.jsonl
2026-08-01 14:35:52 | INFO     | banking_rag.chunking.chunker:chunk_document:94 - Chunked document 8bd94106-369d-4ec6-a9cf-aae5b7d4c87c into 3 text chunks.
2026-08-01 14:35:52 | INFO     | banking_rag.chunking.contextual_chunker:process:76 - Added contextual headers to 3 chunks for dataset.jsonl
2026-08-01 14:35:52 | INFO     | banking_rag.chunking.chunker:chunk_document:94 - Chunked document 3d986017-61ac-4daf-ada0-0b562e4dc070 into 7 text chunks.
2026-08-01 14:35:52 | INFO     | banking_rag.chunking.contextual_chunker:process:76 - Added contextual headers to 7 chunks for dataset.jsonl
2026-08-01 14:35:52 | INFO     | banking_rag.chunking.chunker:chunk_document:94 - Chunked document 2e4d7212-9951-4a54-be9e-6a246ad14430 into 4 text chunks.
2026-08-01 14:35:52 | INFO     | banking_rag.chunking.contextual_chunker:process:76 - Added contextual headers to 4 chunks for dataset.jsonl
2026-08-01 14:35:52 | INFO     | banking_rag.chunking.chunker:chunk_document:94 - Chunked document 65869d8d-d6de-43dd-81aa-6120984fe9b8 into 3 text chunks.
2026-08-01 14:35:52 | INFO     | banking_rag.chunking.contextual_chunker:process:76 - Added contextual headers to 3 chunks for dataset.jsonl
2026-08-01 14:35:52 | INFO     | banking_rag.chunking.chunker:chunk_document:94 - Chunked document 602a2563-f161-4b0f-8710-2b330b94abff into 2 text chunks.
2026-08-01 14:35:52 | INFO     | banking_rag.chunking.contextual_chunker:process:76 - Added contextual headers to 2 chunks for dataset.jsonl
2026-08-01 14:35:52 | INFO     | banking_rag.chunking.chunker:chunk_document:94 - Chunked document 1f4b162f-45e9-49c1-89d7-43a053ca93cc into 5 text chunks.
2026-08-01 14:35:52 | INFO     | banking_rag.chunking.contextual_chunker:process:76 - Added contextual headers to 5 chunks for dataset.jsonl
2026-08-01 14:35:52 | INFO     | banking_rag.chunking.chunker:chunk_document:94 - Chunked document 5cb65f1f-4e9e-4b37-87b4-ac7dc5ea8c6f into 3 text chunks.
2026-08-01 14:35:52 | INFO     | banking_rag.chunking.contextual_chunker:process:76 - Added contextual headers to 3 chunks for dataset.jsonl
2026-08-01 14:35:52 | INFO     | banking_rag.chunking.chunker:chunk_document:94 - Chunked document 1572fbd1-e94f-42ea-9794-e55585dbd6b7 into 4 text chunks.
2026-08-01 14:35:52 | INFO     | banking_rag.chunking.contextual_chunker:process:76 - Added contextual headers to 4 chunks for dataset.jsonl
2026-08-01 14:35:52 | INFO     | banking_rag.chunking.chunker:chunk_document:94 - Chunked document 8637c39f-4d29-4621-8487-87774bd61fe2 into 5 text chunks.
2026-08-01 14:35:52 | INFO     | banking_rag.chunking.contextual_chunker:process:76 - Added contextual headers to 5 chunks for dataset.jsonl
2026-08-01 14:35:52 | INFO     | banking_rag.chunking.chunker:chunk_document:94 - Chunked document 7bf1b467-7f21-4d14-a595-0e5dcbb2924b into 2 text chunks.
2026-08-01 14:35:52 | INFO     | banking_rag.chunking.contextual_chunker:process:76 - Added contextual headers to 2 chunks for dataset.jsonl
2026-08-01 14:35:52 | INFO     | banking_rag.chunking.chunker:chunk_document:94 - Chunked document 7ba80c93-3ff1-4c7f-a11d-f101edc9b0c6 into 2 text chunks.
2026-08-01 14:35:52 | INFO     | banking_rag.chunking.contextual_chunker:process:76 - Added contextual headers to 2 chunks for dataset.jsonl
2026-08-01 14:35:52 | INFO     | banking_rag.chunking.chunker:chunk_document:94 - Chunked document 47ee3df8-f010-4d06-a4c6-6222ea7c52cb into 2 text chunks.
2026-08-01 14:35:52 | INFO     | banking_rag.chunking.contextual_chunker:process:76 - Added contextual headers to 2 chunks for dataset.jsonl
2026-08-01 14:35:52 | INFO     | banking_rag.chunking.chunker:chunk_document:94 - Chunked document 5dcc84f9-9501-4f0c-8815-001e761dcd8f into 2 text chunks.
2026-08-01 14:35:52 | INFO     | banking_rag.chunking.contextual_chunker:process:76 - Added contextual headers to 2 chunks for dataset.jsonl
2026-08-01 14:35:52 | INFO     | banking_rag.chunking.chunker:chunk_document:94 - Chunked document 2201d2c0-79cc-45c1-a51f-8bc4dfa14859 into 2 text chunks.
2026-08-01 14:35:52 | INFO     | banking_rag.chunking.contextual_chunker:process:76 - Added contextual headers to 2 chunks for dataset.jsonl
2026-08-01 14:35:52 | INFO     | banking_rag.chunking.chunker:chunk_document:94 - Chunked document 98c75dbc-5ae8-4691-b5cf-793d96361494 into 2 text chunks.
2026-08-01 14:35:52 | INFO     | banking_rag.chunking.contextual_chunker:process:76 - Added contextual headers to 2 chunks for dataset.jsonl
2026-08-01 14:35:52 | INFO     | banking_rag.chunking.chunker:chunk_document:94 - Chunked document f982472a-cb63-4254-97e1-4f9b91898cee into 2 text chunks.
2026-08-01 14:35:52 | INFO     | banking_rag.chunking.contextual_chunker:process:76 - Added contextual headers to 2 chunks for dataset.jsonl
2026-08-01 14:35:52 | INFO     | banking_rag.chunking.chunker:chunk_document:94 - Chunked document 1daed7c4-772f-42a0-b9b3-a062e76178b7 into 2 text chunks.
2026-08-01 14:35:52 | INFO     | banking_rag.chunking.contextual_chunker:process:76 - Added contextual headers to 2 chunks for dataset.jsonl
2026-08-01 14:35:52 | INFO     | banking_rag.chunking.chunker:chunk_document:94 - Chunked document bfe08d4c-c93b-45e9-87f2-eabbcb969734 into 2 text chunks.
2026-08-01 14:35:52 | INFO     | banking_rag.chunking.contextual_chunker:process:76 - Added contextual headers to 2 chunks for dataset.jsonl
2026-08-01 14:35:52 | INFO     | banking_rag.chunking.chunker:chunk_document:94 - Chunked document 2bcedbc0-e84a-46b6-8be7-47d9310fc145 into 2 text chunks.
2026-08-01 14:35:52 | INFO     | banking_rag.chunking.contextual_chunker:process:76 - Added contextual headers to 2 chunks for dataset.jsonl
2026-08-01 14:35:52 | INFO     | banking_rag.chunking.chunker:chunk_document:94 - Chunked document db98e8ec-bf96-4c31-95be-c0565dde4660 into 2 text chunks.
2026-08-01 14:35:52 | INFO     | banking_rag.chunking.contextual_chunker:process:76 - Added contextual headers to 2 chunks for dataset.jsonl
2026-08-01 14:35:52 | INFO     | banking_rag.chunking.chunker:chunk_document:94 - Chunked document 518587c1-aa8b-490a-87e9-d3aab7a10771 into 2 text chunks.
2026-08-01 14:35:52 | INFO     | banking_rag.chunking.contextual_chunker:process:76 - Added contextual headers to 2 chunks for dataset.jsonl
2026-08-01 14:35:52 | INFO     | banking_rag.chunking.chunker:chunk_document:94 - Chunked document c313a176-0c45-4c4e-b0cc-e11d1f9c3e4c into 3 text chunks.
2026-08-01 14:35:52 | INFO     | banking_rag.chunking.contextual_chunker:process:76 - Added contextual headers to 3 chunks for dataset.jsonl
2026-08-01 14:35:52 | INFO     | banking_rag.chunking.chunker:chunk_document:94 - Chunked document 1f0c8489-bd9f-4792-ad1f-3c24813a2fef into 2 text chunks.
2026-08-01 14:35:52 | INFO     | banking_rag.chunking.contextual_chunker:process:76 - Added contextual headers to 2 chunks for dataset.jsonl
2026-08-01 14:35:52 | INFO     | banking_rag.chunking.chunker:chunk_document:94 - Chunked document 06a94b1c-46c2-4049-85de-6229c73d00b0 into 2 text chunks.
2026-08-01 14:35:52 | INFO     | banking_rag.chunking.contextual_chunker:process:76 - Added contextual headers to 2 chunks for dataset.jsonl
2026-08-01 14:35:52 | INFO     | banking_rag.chunking.chunker:chunk_document:94 - Chunked document cf4f13e9-6c3e-4566-9be7-51ed2ecd3e76 into 2 text chunks.
2026-08-01 14:35:52 | INFO     | banking_rag.chunking.contextual_chunker:process:76 - Added contextual headers to 2 chunks for dataset.jsonl
2026-08-01 14:35:52 | INFO     | banking_rag.chunking.chunker:chunk_document:94 - Chunked document 8bdce798-a58a-40c0-9c84-152cd50a9d6e into 2 text chunks.
2026-08-01 14:35:52 | INFO     | banking_rag.chunking.contextual_chunker:process:76 - Added contextual headers to 2 chunks for dataset.jsonl
2026-08-01 14:35:52 | INFO     | banking_rag.chunking.chunker:chunk_document:94 - Chunked document f200075e-0a61-4c8a-83c9-319a9d1fb51a into 2 text chunks.
2026-08-01 14:35:52 | INFO     | banking_rag.chunking.contextual_chunker:process:76 - Added contextual headers to 2 chunks for dataset.jsonl
2026-08-01 14:35:52 | INFO     | banking_rag.chunking.chunker:chunk_document:94 - Chunked document 15bf3ff0-3f53-4af0-837d-e12f72de58f5 into 2 text chunks.
2026-08-01 14:35:52 | INFO     | banking_rag.chunking.contextual_chunker:process:76 - Added contextual headers to 2 chunks for dataset.jsonl
2026-08-01 14:35:52 | INFO     | banking_rag.chunking.chunker:chunk_document:94 - Chunked document a24728cc-f579-4e98-9699-72816b1435e7 into 2 text chunks.
2026-08-01 14:35:52 | INFO     | banking_rag.chunking.contextual_chunker:process:76 - Added contextual headers to 2 chunks for dataset.jsonl
2026-08-01 14:35:52 | INFO     | banking_rag.chunking.chunker:chunk_document:94 - Chunked document a0d143f3-79fa-4c0d-a890-78e157ca5ee5 into 2 text chunks.
2026-08-01 14:35:52 | INFO     | banking_rag.chunking.contextual_chunker:process:76 - Added contextual headers to 2 chunks for dataset.jsonl
2026-08-01 14:35:52 | INFO     | banking_rag.chunking.chunker:chunk_document:94 - Chunked document 95a28dbf-59c7-46b5-907d-b11c36a28058 into 2 text chunks.
2026-08-01 14:35:52 | INFO     | banking_rag.chunking.contextual_chunker:process:76 - Added contextual headers to 2 chunks for dataset.jsonl
2026-08-01 14:35:52 | INFO     | banking_rag.chunking.chunker:chunk_document:94 - Chunked document 313e8de7-5fa7-46f6-97f7-520aebeb9ff9 into 2 text chunks.
2026-08-01 14:35:52 | INFO     | banking_rag.chunking.contextual_chunker:process:76 - Added contextual headers to 2 chunks for dataset.jsonl
2026-08-01 14:35:52 | INFO     | banking_rag.chunking.chunker:chunk_document:94 - Chunked document 75d6d142-1150-47f1-8827-a1ac6babc170 into 2 text chunks.
2026-08-01 14:35:52 | INFO     | banking_rag.chunking.contextual_chunker:process:76 - Added contextual headers to 2 chunks for dataset.jsonl
2026-08-01 14:35:52 | INFO     | banking_rag.chunking.chunker:chunk_document:94 - Chunked document bb00d8c6-2e8d-42da-9544-6a14a0c78dad into 2 text chunks.
2026-08-01 14:35:52 | INFO     | banking_rag.chunking.contextual_chunker:process:76 - Added contextual headers to 2 chunks for dataset.jsonl
2026-08-01 14:35:52 | INFO     | banking_rag.chunking.chunker:chunk_document:94 - Chunked document 0b79f634-bcf9-4d48-8c3a-2566631601bd into 2 text chunks.
2026-08-01 14:35:52 | INFO     | banking_rag.chunking.contextual_chunker:process:76 - Added contextual headers to 2 chunks for dataset.jsonl
2026-08-01 14:35:52 | INFO     | banking_rag.chunking.chunker:chunk_document:94 - Chunked document b0eb6cd6-38ba-46ce-be2d-2a6dba07e714 into 2 text chunks.
2026-08-01 14:35:52 | INFO     | banking_rag.chunking.contextual_chunker:process:76 - Added contextual headers to 2 chunks for dataset.jsonl
2026-08-01 14:35:52 | INFO     | banking_rag.chunking.chunker:chunk_document:94 - Chunked document ef867058-08c1-4091-9627-5dd5676a3c07 into 2 text chunks.
2026-08-01 14:35:52 | INFO     | banking_rag.chunking.contextual_chunker:process:76 - Added contextual headers to 2 chunks for dataset.jsonl
2026-08-01 14:35:52 | INFO     | banking_rag.chunking.chunker:chunk_document:94 - Chunked document d7432e7e-5b75-4f37-a91a-fd3381ef7300 into 2 text chunks.
2026-08-01 14:35:52 | INFO     | banking_rag.chunking.contextual_chunker:process:76 - Added contextual headers to 2 chunks for dataset.jsonl
2026-08-01 14:35:52 | INFO     | banking_rag.chunking.chunker:chunk_document:94 - Chunked document 13bfa12d-d147-42b6-b327-2182d5842106 into 2 text chunks.
2026-08-01 14:35:52 | INFO     | banking_rag.chunking.contextual_chunker:process:76 - Added contextual headers to 2 chunks for dataset.jsonl
2026-08-01 14:35:52 | INFO     | banking_rag.chunking.chunker:chunk_document:94 - Chunked document 2663c723-0289-44c5-a893-3ef032e5cb92 into 2 text chunks.
2026-08-01 14:35:52 | INFO     | banking_rag.chunking.contextual_chunker:process:76 - Added contextual headers to 2 chunks for dataset.jsonl
2026-08-01 14:35:52 | INFO     | banking_rag.chunking.chunker:chunk_document:94 - Chunked document 3cb91039-c13f-454d-aba4-2257764e8549 into 1 text chunks.
2026-08-01 14:35:52 | INFO     | banking_rag.chunking.contextual_chunker:process:76 - Added contextual headers to 1 chunks for dataset.jsonl
2026-08-01 14:35:52 | INFO     | banking_rag.chunking.chunker:chunk_document:94 - Chunked document afe06667-afcb-40e9-9dc8-8c7020fc45da into 1 text chunks.
2026-08-01 14:35:52 | INFO     | banking_rag.chunking.contextual_chunker:process:76 - Added contextual headers to 1 chunks for dataset.jsonl
2026-08-01 14:35:52 | INFO     | banking_rag.chunking.chunker:chunk_document:94 - Chunked document 62eee466-a4b2-4797-acdc-34a367475d37 into 2 text chunks.
2026-08-01 14:35:52 | INFO     | banking_rag.chunking.contextual_chunker:process:76 - Added contextual headers to 2 chunks for dataset.jsonl
2026-08-01 14:35:52 | WARNING  | banking_rag.embeddings.embedding_generator:_load_model:96 - Loading embedding model 'BAAI/bge-m3' with NO pinned revision - it will resolve to whatever 'main' currently points to on Hugging Face. Set EMBEDDING_MODEL_REVISION to a specific commit SHA before real data is loaded, to close the supply-chain risk of an upstream model update changing weights underneath you unnoticed.
2026-08-01 14:35:52 | INFO     | banking_rag.embeddings.embedding_generator:_load_model:103 - Loading embedding model 'BAAI/bge-m3' (revision=UNPINNED) on device 'mps'...
2026-08-01 14:36:01 | INFO     | banking_rag.embeddings.embedding_generator:_load_model:120 - Successfully loaded embedding model. Dimension: 1024
2026-08-01 14:38:43 | WARNING  | banking_rag.vectorstore.qdrant_manager:_get_client:69 - Connecting to Qdrant with NO API KEY configured. This is only acceptable for local development against a Qdrant instance that isn't reachable from outside this machine. Set QDRANT_API_KEY before pointing this at anything containing real banking/compliance data.
2026-08-01 14:38:44 | INFO     | banking_rag.vectorstore.qdrant_manager:_get_client:83 - Connecting to Qdrant server at localhost:6333
2026-08-01 14:38:45 | INFO     | banking_rag.vectorstore.qdrant_manager:upsert_chunks:199 - Successfully upserted 1286 chunks into Qdrant collection 'union_bank_knowledge_base'
2026-08-01 14:38:45 | INFO     | banking_rag.pipeline.ingest:ingest_file:165 - Successfully completed ingestion for dataset.jsonl: {'status': 'success', 'file_name': 'dataset.jsonl', 'pages': 475, 'chunks_ingested': 1286}
2026-08-01 14:38:59 | INFO     | banking_rag.main:main:138 - Logging to file: /Users/rohinivemula/Desktop/RAG_2/banking_rag/logs/banking_rag.log
2026-08-01 14:40:16 | INFO     | banking_rag.main:main:138 - Logging to file: /Users/rohinivemula/Desktop/RAG_2/banking_rag/logs/banking_rag.log
2026-08-01 14:40:16 | INFO     | banking_rag.pipeline.ingest:ingest_file:129 - Starting offline ingestion for file: poison_test.txt
2026-08-01 14:40:16 | INFO     | banking_rag.loaders.text_loader:load:42 - Loading TXT document: poison_test.txt
2026-08-01 14:40:16 | INFO     | banking_rag.loaders.text_loader:load:74 - Successfully loaded TXT file: poison_test.txt
2026-08-01 14:40:16 | INFO     | banking_rag.chunking.chunker:chunk_document:94 - Chunked document d220f1b3a3e9_txt into 1 text chunks.
2026-08-01 14:40:16 | INFO     | banking_rag.chunking.contextual_chunker:process:76 - Added contextual headers to 1 chunks for poison_test.txt
2026-08-01 14:40:16 | WARNING  | banking_rag.embeddings.embedding_generator:_load_model:96 - Loading embedding model 'BAAI/bge-m3' with NO pinned revision - it will resolve to whatever 'main' currently points to on Hugging Face. Set EMBEDDING_MODEL_REVISION to a specific commit SHA before real data is loaded, to close the supply-chain risk of an upstream model update changing weights underneath you unnoticed.
2026-08-01 14:40:16 | INFO     | banking_rag.embeddings.embedding_generator:_load_model:103 - Loading embedding model 'BAAI/bge-m3' (revision=UNPINNED) on device 'mps'...
2026-08-01 14:40:27 | INFO     | banking_rag.embeddings.embedding_generator:_load_model:120 - Successfully loaded embedding model. Dimension: 1024
2026-08-01 14:40:27 | WARNING  | banking_rag.vectorstore.qdrant_manager:_get_client:69 - Connecting to Qdrant with NO API KEY configured. This is only acceptable for local development against a Qdrant instance that isn't reachable from outside this machine. Set QDRANT_API_KEY before pointing this at anything containing real banking/compliance data.
2026-08-01 14:40:28 | INFO     | banking_rag.vectorstore.qdrant_manager:_get_client:83 - Connecting to Qdrant server at localhost:6333
2026-08-01 14:40:28 | INFO     | banking_rag.vectorstore.qdrant_manager:upsert_chunks:199 - Successfully upserted 1 chunks into Qdrant collection 'union_bank_knowledge_base'
2026-08-01 14:40:28 | INFO     | banking_rag.pipeline.ingest:ingest_file:165 - Successfully completed ingestion for poison_test.txt: {'status': 'success', 'file_name': 'poison_test.txt', 'pages': 1, 'chunks_ingested': 1}
2026-08-01 14:40:36 | INFO     | banking_rag.main:main:138 - Logging to file: /Users/rohinivemula/Desktop/RAG_2/banking_rag/logs/banking_rag.log
2026-08-01 14:40:36 | WARNING  | banking_rag.embeddings.embedding_generator:_load_model:96 - Loading embedding model 'BAAI/bge-m3' with NO pinned revision - it will resolve to whatever 'main' currently points to on Hugging Face. Set EMBEDDING_MODEL_REVISION to a specific commit SHA before real data is loaded, to close the supply-chain risk of an upstream model update changing weights underneath you unnoticed.
2026-08-01 14:40:36 | INFO     | banking_rag.embeddings.embedding_generator:_load_model:103 - Loading embedding model 'BAAI/bge-m3' (revision=UNPINNED) on device 'mps'...
2026-08-01 14:40:46 | INFO     | banking_rag.embeddings.embedding_generator:_load_model:120 - Successfully loaded embedding model. Dimension: 1024
2026-08-01 14:40:46 | WARNING  | banking_rag.retrieval.reranker:_load_model:89 - Loading reranker model 'BAAI/bge-reranker-large' with NO pinned revision. Set RERANKER_MODEL_REVISION to a specific commit SHA before real data is loaded.
2026-08-01 14:40:46 | INFO     | banking_rag.retrieval.reranker:_load_model:93 - Loading CrossEncoder model 'BAAI/bge-reranker-large' (revision=UNPINNED) on device 'mps'...
2026-08-01 14:40:52 | INFO     | banking_rag.retrieval.reranker:_load_model:97 - CrossEncoder reranker model loaded successfully.
2026-08-01 14:40:52 | WARNING  | banking_rag.llm.generator:_load_model:81 - Loading SLM 'Qwen/Qwen2.5-3B-Instruct' with NO pinned revision. Set SLM_MODEL_REVISION to a specific commit SHA before real data is loaded - this is the generator model, so an unpinned supply-chain compromise here has the most direct path to influencing what the assistant tells a user.
2026-08-01 14:40:52 | INFO     | banking_rag.llm.generator:_load_model:87 - Loading Fine-tuned Banking SLM 'Qwen/Qwen2.5-3B-Instruct' (revision=UNPINNED) on device 'mps'...
2026-08-01 14:41:06 | INFO     | banking_rag.llm.generator:_load_model:102 - Successfully loaded fine-tuned Qwen Banking SLM model weights.
2026-08-01 14:41:06 | WARNING  | banking_rag.vectorstore.qdrant_manager:_get_client:69 - Connecting to Qdrant with NO API KEY configured. This is only acceptable for local development against a Qdrant instance that isn't reachable from outside this machine. Set QDRANT_API_KEY before pointing this at anything containing real banking/compliance data.
2026-08-01 14:41:06 | INFO     | banking_rag.vectorstore.qdrant_manager:_get_client:83 - Connecting to Qdrant server at localhost:6333
2026-08-01 14:41:06 | INFO     | banking_rag.pipeline.rag_pipeline:query:93 - Processing online RAG query: 'What is the KYC renewal period for high-risk accounts?' (filters=None, top_k=5)
2026-08-01 14:41:06 | INFO     | banking_rag.retrieval.hybrid_retriever:retrieve:60 - Executing hybrid retrieval with RRF for query: 'What is the KYC renewal period for high-risk accounts?'
2026-08-01 14:41:06 | INFO     | banking_rag.retrieval.retriever:retrieve:88 - Executing dense retrieval for query: 'What is the KYC renewal period for high-risk accounts?' (top_k=40)
2026-08-01 14:41:17 | INFO     | banking_rag.vectorstore.qdrant_manager:search:261 - Retrieved 40 candidate chunks from Qdrant.
2026-08-01 14:41:17 | INFO     | banking_rag.retrieval.retriever:retrieve:104 - DenseRetriever retrieved 40 candidate chunks.
2026-08-01 14:41:17 | INFO     | banking_rag.retrieval.hybrid_retriever:retrieve:76 - HybridRetriever successfully fused 20 results.
2026-08-01 14:41:17 | INFO     | banking_rag.retrieval.reranker:rerank:142 - Reranking 20 candidates for query 'What is the KYC renewal period for high-risk accounts?' (top_k=5)
2026-08-01 14:41:28 | INFO     | banking_rag.retrieval.reranker:rerank:163 - CrossEncoderReranker finished reranking. Returning top 5 chunks.
2026-08-01 14:41:28 | WARNING  | banking_rag.retrieval.content_guard:screen:114 - Content guard flagged chunk 'd220f1b3a3e9_txt_c1' for query 'What is the KYC renewal period for high-risk accounts?': ["matched pattern: 'ignore (all|any|the) (previous|prior|above)'", "matched pattern: 'system\\\\s*prompt'", "matched pattern: 'reveal (the|your) (system prompt|instructions)'"]. Action=flag
2026-08-01 14:41:28 | WARNING  | banking_rag.retrieval.content_guard:screen:123 - Content guard flagged 1/5 retrieved chunks (action=flag).
2026-08-01 14:41:28 | INFO     | banking_rag.prompts.prompt_builder:build_prompt:91 - Building prompt for query 'What is the KYC renewal period for high-risk accounts?' with 5 context chunks.
2026-08-01 14:41:28 | INFO     | banking_rag.llm.generator:generate:142 - Executing Qwen SLM generation (temp=0.1, max_tokens=1024)
2026-08-01 14:41:45 | INFO     | banking_rag.llm.generator:generate:186 - Successfully generated Banking SLM response.
2026-08-01 14:41:45 | INFO     | banking_rag.pipeline.rag_pipeline:query:165 - Online RAG pipeline query execution completed successfully.
2026-08-01 14:44:33 | INFO     | banking_rag.main:main:138 - Logging to file: /Users/rohinivemula/Desktop/RAG_2/banking_rag/logs/banking_rag.log
2026-08-01 14:44:33 | WARNING  | banking_rag.embeddings.embedding_generator:_load_model:96 - Loading embedding model 'BAAI/bge-m3' with NO pinned revision - it will resolve to whatever 'main' currently points to on Hugging Face. Set EMBEDDING_MODEL_REVISION to a specific commit SHA before real data is loaded, to close the supply-chain risk of an upstream model update changing weights underneath you unnoticed.
2026-08-01 14:44:33 | INFO     | banking_rag.embeddings.embedding_generator:_load_model:103 - Loading embedding model 'BAAI/bge-m3' (revision=UNPINNED) on device 'mps'...
2026-08-01 14:44:44 | INFO     | banking_rag.embeddings.embedding_generator:_load_model:120 - Successfully loaded embedding model. Dimension: 1024
2026-08-01 14:44:44 | WARNING  | banking_rag.retrieval.reranker:_load_model:89 - Loading reranker model 'BAAI/bge-reranker-large' with NO pinned revision. Set RERANKER_MODEL_REVISION to a specific commit SHA before real data is loaded.
2026-08-01 14:44:44 | INFO     | banking_rag.retrieval.reranker:_load_model:93 - Loading CrossEncoder model 'BAAI/bge-reranker-large' (revision=UNPINNED) on device 'mps'...
2026-08-01 14:44:50 | INFO     | banking_rag.retrieval.reranker:_load_model:97 - CrossEncoder reranker model loaded successfully.
2026-08-01 14:44:50 | WARNING  | banking_rag.llm.generator:_load_model:81 - Loading SLM 'Qwen/Qwen2.5-3B-Instruct' with NO pinned revision. Set SLM_MODEL_REVISION to a specific commit SHA before real data is loaded - this is the generator model, so an unpinned supply-chain compromise here has the most direct path to influencing what the assistant tells a user.
2026-08-01 14:44:50 | INFO     | banking_rag.llm.generator:_load_model:87 - Loading Fine-tuned Banking SLM 'Qwen/Qwen2.5-3B-Instruct' (revision=UNPINNED) on device 'mps'...
2026-08-01 14:45:04 | INFO     | banking_rag.llm.generator:_load_model:102 - Successfully loaded fine-tuned Qwen Banking SLM model weights.
2026-08-01 14:45:04 | WARNING  | banking_rag.vectorstore.qdrant_manager:_get_client:69 - Connecting to Qdrant with NO API KEY configured. This is only acceptable for local development against a Qdrant instance that isn't reachable from outside this machine. Set QDRANT_API_KEY before pointing this at anything containing real banking/compliance data.
2026-08-01 14:45:04 | INFO     | banking_rag.vectorstore.qdrant_manager:_get_client:83 - Connecting to Qdrant server at localhost:6333
2026-08-01 14:45:04 | INFO     | banking_rag.pipeline.rag_pipeline:query:93 - Processing online RAG query: 'What are the requirements for suspicious transaction reporting?' (filters=None, top_k=5)
2026-08-01 14:45:04 | INFO     | banking_rag.retrieval.hybrid_retriever:retrieve:60 - Executing hybrid retrieval with RRF for query: 'What are the requirements for suspicious transaction reporting?'
2026-08-01 14:45:04 | INFO     | banking_rag.retrieval.retriever:retrieve:88 - Executing dense retrieval for query: 'What are the requirements for suspicious transaction reporting?' (top_k=40)
2026-08-01 14:45:12 | INFO     | banking_rag.vectorstore.qdrant_manager:search:261 - Retrieved 40 candidate chunks from Qdrant.
2026-08-01 14:45:12 | INFO     | banking_rag.retrieval.retriever:retrieve:104 - DenseRetriever retrieved 40 candidate chunks.
2026-08-01 14:45:12 | INFO     | banking_rag.retrieval.hybrid_retriever:retrieve:76 - HybridRetriever successfully fused 20 results.
2026-08-01 14:45:12 | INFO     | banking_rag.retrieval.reranker:rerank:142 - Reranking 20 candidates for query 'What are the requirements for suspicious transaction reporting?' (top_k=5)
2026-08-01 14:45:18 | INFO     | banking_rag.retrieval.reranker:rerank:163 - CrossEncoderReranker finished reranking. Returning top 5 chunks.
2026-08-01 14:45:18 | INFO     | banking_rag.prompts.prompt_builder:build_prompt:91 - Building prompt for query 'What are the requirements for suspicious transaction reporting?' with 5 context chunks.
2026-08-01 14:45:18 | INFO     | banking_rag.llm.generator:generate:142 - Executing Qwen SLM generation (temp=0.1, max_tokens=1024)
2026-08-01 14:45:33 | INFO     | banking_rag.llm.generator:generate:186 - Successfully generated Banking SLM response.
2026-08-01 14:45:33 | INFO     | banking_rag.pipeline.rag_pipeline:query:165 - Online RAG pipeline query execution completed successfully.
2026-08-01 14:54:23 | INFO     | banking_rag.main:main:138 - Logging to file: /Users/rohinivemula/Desktop/RAG_2/banking_rag/logs/banking_rag.log
2026-08-01 14:54:23 | WARNING  | banking_rag.embeddings.embedding_generator:_load_model:96 - Loading embedding model 'BAAI/bge-m3' with NO pinned revision - it will resolve to whatever 'main' currently points to on Hugging Face. Set EMBEDDING_MODEL_REVISION to a specific commit SHA before real data is loaded, to close the supply-chain risk of an upstream model update changing weights underneath you unnoticed.
2026-08-01 14:54:23 | INFO     | banking_rag.embeddings.embedding_generator:_load_model:103 - Loading embedding model 'BAAI/bge-m3' (revision=UNPINNED) on device 'mps'...
2026-08-01 14:54:34 | INFO     | banking_rag.embeddings.embedding_generator:_load_model:120 - Successfully loaded embedding model. Dimension: 1024
2026-08-01 14:54:34 | WARNING  | banking_rag.retrieval.reranker:_load_model:89 - Loading reranker model 'BAAI/bge-reranker-large' with NO pinned revision. Set RERANKER_MODEL_REVISION to a specific commit SHA before real data is loaded.
2026-08-01 14:54:34 | INFO     | banking_rag.retrieval.reranker:_load_model:93 - Loading CrossEncoder model 'BAAI/bge-reranker-large' (revision=UNPINNED) on device 'mps'...
2026-08-01 14:54:40 | INFO     | banking_rag.retrieval.reranker:_load_model:97 - CrossEncoder reranker model loaded successfully.
2026-08-01 14:54:40 | WARNING  | banking_rag.llm.generator:_load_model:81 - Loading SLM 'Qwen/Qwen2.5-3B-Instruct' with NO pinned revision. Set SLM_MODEL_REVISION to a specific commit SHA before real data is loaded - this is the generator model, so an unpinned supply-chain compromise here has the most direct path to influencing what the assistant tells a user.
2026-08-01 14:54:40 | INFO     | banking_rag.llm.generator:_load_model:87 - Loading Fine-tuned Banking SLM 'Qwen/Qwen2.5-3B-Instruct' (revision=UNPINNED) on device 'mps'...
2026-08-01 14:54:54 | INFO     | banking_rag.llm.generator:_load_model:102 - Successfully loaded fine-tuned Qwen Banking SLM model weights.
2026-08-01 14:54:54 | WARNING  | banking_rag.vectorstore.qdrant_manager:_get_client:69 - Connecting to Qdrant with NO API KEY configured. This is only acceptable for local development against a Qdrant instance that isn't reachable from outside this machine. Set QDRANT_API_KEY before pointing this at anything containing real banking/compliance data.
2026-08-01 14:54:55 | INFO     | banking_rag.vectorstore.qdrant_manager:_get_client:83 - Connecting to Qdrant server at localhost:6333
2026-08-01 14:54:55 | INFO     | banking_rag.pipeline.rag_pipeline:query:93 - Processing online RAG query: 'What is KYC?' (filters=None, top_k=5)
2026-08-01 14:54:55 | INFO     | banking_rag.retrieval.hybrid_retriever:retrieve:60 - Executing hybrid retrieval with RRF for query: 'What is KYC?'
2026-08-01 14:54:55 | INFO     | banking_rag.retrieval.retriever:retrieve:88 - Executing dense retrieval for query: 'What is KYC?' (top_k=40)
2026-08-01 14:55:06 | INFO     | banking_rag.vectorstore.qdrant_manager:search:261 - Retrieved 40 candidate chunks from Qdrant.
2026-08-01 14:55:06 | INFO     | banking_rag.retrieval.retriever:retrieve:104 - DenseRetriever retrieved 40 candidate chunks.
2026-08-01 14:55:06 | INFO     | banking_rag.retrieval.hybrid_retriever:retrieve:76 - HybridRetriever successfully fused 20 results.
2026-08-01 14:55:06 | INFO     | banking_rag.retrieval.reranker:rerank:142 - Reranking 20 candidates for query 'What is KYC?' (top_k=5)
2026-08-01 14:55:14 | INFO     | banking_rag.retrieval.reranker:rerank:163 - CrossEncoderReranker finished reranking. Returning top 5 chunks.
2026-08-01 14:55:14 | INFO     | banking_rag.prompts.prompt_builder:build_prompt:91 - Building prompt for query 'What is KYC?' with 5 context chunks.
2026-08-01 14:55:14 | INFO     | banking_rag.llm.generator:generate:142 - Executing Qwen SLM generation (temp=0.1, max_tokens=1024)
2026-08-01 14:55:53 | INFO     | banking_rag.llm.generator:generate:186 - Successfully generated Banking SLM response.
2026-08-01 14:55:53 | INFO     | banking_rag.pipeline.rag_pipeline:query:165 - Online RAG pipeline query execution completed successfully.
